游戏名,vndb_id,中文名,别名,发行年份,品牌,限制级,脚本,原画,音乐,声优,难度,平均分,评分人数,rank,系列作,时长,时长分钟,tag1,tag2,tag3,tag4,tag5,tag6,tag7,tag8,tag9,tag10,tag11
anemoi -アネモイ-,v47937,,アネモイ、anemoi,2026,Key,全年龄,魁、新島 夕、今科 理央、ハサマ、比野 練火、佐雪 隼、一祇,Na-Ga、きみしま 青、鳥の、餅介、永山 ゆうのん、ふむゆん、三好 奈緒,折戸 伸治、水月 陵、しょうゆ、天休 ひさし、アサノ ハヤト、大橋 柊平、内山 利彦、髙梨 泰輔,長縄 まりあ、会沢 紗弥、堀金 蒼平、千春、平塚 紗依、涼泉 桜花,easy、normal,6.9,729,4431,否,超长篇,3720,奇幻,末日,乡村,真女主,,,,,,,
哀鸿：城破十日记,v54349,哀鸿：城破十日记,The Weeping Swan: Ten Days of the City's Fall、泣き叫ぶ雁、Плач неприкаянных лебедей: Десять дней после падения города、哀鴻：城破十日記,2026,Ling Chuang Youxi,全年龄,嵇零,帕兹定律、火吉、胡桃-o-夹子、梓茵茵,林 方舟,秦 且歌、赵 爽、苗洋、桑 毓泽、陈 婷婷,normal,4.2,396,10526,是,中篇,1022,悬疑,国产,疾病,,,,,,,,
ディメンション凸ラバース!!,v60663,超次元恋人！！,次元突入恋人、次元错位恋人,2026,CRYSTALiA,R18,逢縁奇演,ぺろ、白恵 りえ、狐ノ沢、鈍色玄、蒲磁 れん,,みたか りん、北大路 ゆき、葉月 ひかり、丸茅 伊ず、しましまはかせ,easy、normal,8,1637,465,否,中篇,1675,战斗,超能力,岛屿,,,,,,,,
アマカノ3,v50215,甜蜜女友3,,2025,Azarashi Soft,R18,龍 岳来,ピロ水、塩澤 良憲、茜屋、chiki-co,Sawamurah、Anzie、鈴木 ぷよ、オトロジック,三咲 里奈、実羽 ゆうき、明羽 杏子、柚木 つばめ、星野 うちゆ,easy、normal,7,941,3877,是,长篇,1950,,,,,,,,,,,
廃村少女［弐］ ～陰り誘う秘姫の匣～,v53486,废村少女［贰］ ～幽秘蛊惑的姬之匣～,废村少女、废村少女2,2025,Escu:de,R18,御導 はるか、薄迷,蒼瀬、あおいあいう、たかしな 浅妃,橋咲 透、エスクード,佐倉 もも花、杏 花、花月 さや、黒瀬 アイル、奏 カスカ,easy、normal,7,507,3731,否,中篇,957,悬疑,夏天,民俗,乡村,,,,,,,
何度目かのはじめまして,v57252,几度相逢若初见,第几次初次见面、Nice to Meet You Again,2025,Purple software,R18,さかき 傘,石井 久雄、克、彩 雅介,山口 たこ,柳 ひとみ、寺久野 海美,easy、normal,7.6,1387,1227,否,中篇,652,悬疑,奇幻,时间旅行,魔法,,,,,,,
魔法少女ノ魔女裁判,v50283,魔法少女的魔女审判,,2025,Acacia,全年龄,喜多 南、滝口 流、海野 凛久、畑 俊行、彩月レイ、景山 千博、深浦 佑太、我孫子 ユウジ,梅まろ、すがわら おむ、ナナホシコウ、maruchi、中野 ニン、しょしょこいち、shiohana、レノン、ぐりしゃれ,SLAVE.V-V-R、近藤 佑輔、佐高 陵平,小清水 亜美、高森 奈津美、井口 裕香、山下 七海、三木谷 奈々、石井 未紗、柊 優花、東雲 はる、葵 あずさ、樹 冬華、比良坂 芽衣、石崎 紗彩、大熊 和奏,beginner、easy、normal,7.3,4397,2263,否,长篇,1878,悬疑,魔法,岛屿,犯罪,民俗,奇幻,,,,,
メモリーズオフ 双想 ～Not always true～,v47203,告别回忆 双想 ～Not always true～,告别回忆 双想 ～Not always true～、告別回憶 雙想 ～Not always true～,2025,MAGES.,全年龄,林 直孝、日暮 茶坊、祁答院 慎、小野 悠輝、秋月 月日,ささき むつみ、池田 靖宏、永井 岳人、向井 一樹,阿保 剛、磯江 俊道,加隈 亜衣、広瀬 裕也、山根 綺、Lynn、関根 瞳、藍本 あみ,normal,3.9,218,10534,是,中篇,1680,,,,,,,,,,,
バカップル・サプリメント,v52031,,,2025,Marmalade,R18,J・さいろー、吉川 芳佳、早瀬 ゆう,emily、ぎん太郎、木場 智士、まろたろ、蒼都 かりん,藤井 稿太郎,御苑生 メイ、春日 アン、月野 きいろ、星宮 リリィ,normal,5.5,251,10023,否,中篇,1594,,,,,,,,,,,
ライムライト・レモネードジャム,v56650,LimeLight Lemonade Jam,聚光灯下的青柠恋曲、逐光柠檬协奏曲、橘光柠水随想曲,2025,Yuzusoft,R18,J・さいろー、瀬尾 順、さかき 傘、天宮 りつ、かずき ふみ,こぶいち、こもわた 遙華、羽純 りお、むりりん、ろど、わいっしゅ、ほかん,Angel Note、佐々倉 マコト、Famishin、森 まもる、井ノ原 智、ユージ・ナイトー、じっぴー、ぺっぱー,くすはら ゆい、夏和小、天季 ひより、しましまはかせ、御園 紗々、虎瀬 がお,easy、normal,6.9,1738,4134,否,长篇,2656,音乐主题,,,,,,,,,,
セレクトオブリージュ,v47175,天选庶民的真命之选,,2024,madosoft,R18,若葉 祥慶,柚子奈 ひよ、藤田、三好 奈緒,菊田 大介、Elements Garden、オトロジック、笠井 雄太、Seonoo Kim,奏雨、秋野 花、相模 恋、七種 結花,easy、normal,5.1,987,10370,否,长篇,1979,科幻,,,,,,,,,,
たねつみの歌,v50081,播种之谣,Seedsow Lullaby,2024,iMel Inc.,全年龄,Kazuki,みんめい、マニアニ、popman3580,原田 萌喜,田村 睦心、飯沼 南実、渡部 紗弓、早瀬 雪未,easy、normal,7.6,824,1043,否,中篇,900,奇幻,时间旅行,,,,,,,,,
オトメ世界の歩き方,v48125,少女世界的生存之道,,2024,Orthros,R18,NYAON,ミニョン、わいっしゅ,水城 新人、木村 孝明,歩 サラ、松岡 侑里,easy、normal,5.9,766,9508,否,中篇,1480,战斗,科幻,末日,记忆篡改,反乌托邦,,,,,,
プトリカ 1st.cut,v49261,宝石少女 1st.cut:The Reason She Must Perish,,2024,Totometori,全年龄,ルクル,すしめかぶ,花徒めと,あさみ ほとり、湯宮 由海、空賀 花、榎木 実佳、間宮 菜南子,easy、normal,6.7,635,5608,是,短篇,243,战斗,奇幻,犯罪,同性恋,,,,,,,
D.C.5 ～ダ・カーポ5～,v36687,,DC5、初音岛5,2023,CIRCUS,R18,相良 中通、ハサマ、満腹亭白米,鷹乃 ゆき、たにはら なつき、如月 ゆう、やたぬき圭、伊左木ひいろ,yozuca*、rino、lotta、chokix、Anzie、鈴木 ぷよ,加隈 亜衣、秋野 花、月野 きいろ、相模 恋、小波 すず、天知 遥、石見 舞菜香、小岩井ことり、関根 明良、古賀 葵,normal,7.2,210,2461,是,长篇,2296,魔法,岛屿,奇幻,,,,,,,,
GINKA,v38430,,,2023,Frontwing,全年龄,紺野 アスタ,渡辺 明夫、ななか まい、ゆさの,松本 文紀,長谷川 育美,easy、normal,5.8,1619,9659,否,中篇,738,悬疑,战斗,奇幻,夏天,转生/轮回,岛屿,民俗,,,,
パラノマサイト FILE23 本所七不思議,v42561,灵视异闻 FILE23 本所七大不可思议,,2023,SQUARE ENIX,全年龄,石山 貴也、濱田 雄偉,小林 元,岩崎 英則,无配音,easy、normal,7.3,1223,2038,是,中篇,792,悬疑,奇幻,时间旅行,转生/轮回,犯罪,民俗,meta,,,,
ヒラヒラヒヒル,v38429,Hira Hira Hihiru,,2023,BA-KU,全年龄,瀬戸口 廉也,禅之助,MANYO,山本 兼平、室 元気、上田 麗奈、河本 啓佑、安西 英美、水中 雅章、河野 茉莉、星 祐樹、小柳 基、熊谷 海麗,easy、normal,7.9,1294,593,否,中篇,798,疾病,,,,,,,,,,
あまいろショコラータ3,v41339,巧克甜恋3,Amairo Chocolata 3,2023,Cabbage Soft,R18,山蕗 順平,梱枝 りこ、しらたま,藤井 稿太郎,明羽 杏子,normal,6.9,391,3946,是,中篇,650,咖啡厅,,,,,,,,,,
サクラノ刻 -櫻の森の下を歩む-,v20431,樱之刻 - 于樱花之森下漫步,サクラノ刻,2023,Makura,R18,SCA-自,SCA-自、基4%、吉田 誠治、籠目、いぬきら、兎桐茸子,Shade、松本 文紀、GORO、viewtorino、おはる,越 雪光、手塚 りょうこ、綾音 まこ、夏和小、広山 和重,beginner、easy、normal,8.1,3447,299,是,长篇,2850,同性恋,,,,,,,,,,
フタマタ恋愛,v32811,恋爱成双,ふたこい、Futakoi、劈腿恋,2022,ASa Project,R18,八日 なのか,夕凪 セシナ、結城 リカ、冬壱 もんめ、たかへろ、アンのうん,山下 航生、朝霧 はやと、rian,夏峰 いろは、春乃 いろは、森谷 こころ、東雲 りあ,easy、normal,6.7,1760,5444,否,中篇,1530,多角恋,,,,,,,,,,
スタディ§ステディ2,v32624,Study § Steady 2,,2022,Marmalade,R18,和泉 万夜、J・さいろー、吉川 芳佳、筆 氏名、桜城 十萌,emily、木場 智士、まろたろ、CWF美術部,solfa、橋咲 透、こはるん,ヒマリ、歩 サラ、風鈴 みすず、小波 すず,normal,6.8,366,4652,是,中篇,1215,,,,,,,,,,,
BLACK SHEEP TOWN,v21069,黑羊镇,,2022,BA-KU,全年龄,瀬戸口 廉也,コーンフレーcu、taninon、はとば、ぽち三,さっぽろ ももこ,无配音,normal,8.3,428,219,否,超长篇,3050,悬疑,血腥,超能力,转生/轮回,阴谋,犯罪,疾病,,,,
廃村少女 ～妖し惑ひの籠の郷～,v38037,废村少女 ～妖异魅惑的笼之乡～,はいそんしょうじょ ～あやし まどいの かごのさと～、废村少女,2022,Escu:de,R18,御導 はるか、シャア専用◎、薄迷、名井世それ、野原 駈,ちょびぺろ、蒼瀬、あおいあいう、佑りん,エスクード、アメディオ,御苑生 メイ、風鈴 みすず、乙倉 由依,easy、normal,6.8,1491,5079,否,中篇,1411,悬疑,乡村,民俗,,,,,,,,
ヘンタイ・プリズン,v31055,变态监狱,HENTAI · PRISON,2022,Qruppo,R18,倉骨 治人、神近 ゆう,如月 千幸、浮丸 つぼね、胡太郎、イチトレイ,ウミガメ、池木 紗々、かしこ、えびかれー伯爵,相模 恋、みたか りん、白砂菓 夏海、蒼井 まどか、桜舞 じゅりあ、文月 弌,beginner、easy、normal,8.6,3708,57,是,超长篇,3387,悬疑,战斗,阴谋,岛屿,创作/设计题材,,,,,,
ジュエリー・ハーツ・アカデミア -We will wing wonder world-,v33175,宝石心学园,ジュエハ,2022,Cabbage Soft,R18,冬茜 トム,しらたま、よねぞう,藤井 稿太郎,相模 恋、月白 まひる、鳥飼 すず、猫弍 みるく,easy、normal,7.2,1016,2825,是,长篇,2400,战斗,超能力,战争,,,,,,,,
小白兔电商,v32747,,Bunny E-shop,2021,Juzi Ban,全年龄,被炒的炒饭,被炒的炒饭、floc,Windbell Project,柳 知萧、月夜桥、森中人、海棠不言、赵 爽,easy、normal,6.6,625,6269,否,中篇,1082,国产,,,,,,,,,,
LUNARiA -Virtualized Moonchild-,v29444,,,2021,Key,全年龄,松山 剛,わいっしゅ、ふむゆん、藤田、佐伯 ソラ,折戸 伸治、水月 陵、どんまる、しょうゆ、森藤 晶司、天休 ひさし,田中 美海、石井 孝英、若井 友希、八巻 アンナ,easy、normal,6.7,652,5607,否,短篇,505,科幻,单女主,,,,,,,,,
ハッピーライヴ ショウアップ！,v29884,,ハラショウ！、Happy Live Show Up!、harashou、Harashow!,2021,FAVORITE,R18,高山 大河,司田 カズヒロ、ミズタマ、ベコ太郎、ヒラサト、わいっしゅ,忍、小高 光太郎、Studio Charis Node,澤田 なつ、米倉 沙弥、夏和小、八ッ橋 しなもん、井伊 香織、森崎 乃々華,normal,6.3,250,7920,是,长篇,2192,魔法,奇幻,,,,,,,,,
冥契のルペルカリア,v29383,冥契的牧神节,るぺかり、Rupekari、Meikei no Lupercalia,2021,Uguisu Kagura,R18,ルクル,桐葉、萩野 小唄、Ruki,めと,奏雨、小山 さほみ、花澤 さくら、小波 すず、梅木 ちはる、東 シヅ,easy、normal,7.5,1765,1271,否,中篇,1575,奇幻,悬疑,真女主,,,,,,,,
LOOPERS -ルーパーズ-,v29445,时廻者,ルーパーズ、L∞PERS,2021,Key,全年龄,竜騎士07,鳥の,どんまる、髙梨 泰輔、折戸 伸治、水月 陵、細井 聡司、しょうゆ、森藤 晶司、天休 ひさし、すみ,木村 良平、井澤 詩織、高塚 智人、河野 ひより、金子 彩花,easy、normal,6,1396,9170,否,短篇,363,时间旅行,夏天,单女主,疾病,,,,,,,
クナド国記,v32021,久那土国记,,2021,Purple software,R18,御影,こもわた 遙華、克、彩 雅介、わいっしゅ、アサヒナ ヒカゲ,YUKI NAKANO、山口 たこ,秋野 花、鈴谷 まや、小波 すず、蒼乃 むすび,easy、normal,6.5,553,6614,否,长篇,2171,悬疑,战斗,奇幻,科幻,失忆,超能力,末日,,,,
ふゆから、くるる。,v30012,冬暮川滚滚,ふゆくる、Fuyukuru,2021,SILKY'S PLUS,R18,渡辺 僚一,あめと ゆき、小林 勝寿、なのはなこひな,SHIM,かわしま りの、青葉 りんご、花澤 さくら、上原 あおい、月野 きいろ、水野 七海、猫村 ゆき、東 シヅ,easy、normal,7.2,1000,2612,是,中篇,1154,悬疑,科幻,血腥,犯罪,雪,同性恋,,,,,
海沙风云,v29371,海沙风云,海沙风云 Far Away、Far Away、彼方へ,2021,Yi Mei Gongzuoshi,全年龄,云卷语文书,Sam_Ashton、核燃黑猫,EMAGE,尾狐殿、师欣、紫丞少主、阿戈伊奥、傻莓酱、Geass、Kenz、妖女、岚风蜂蜜绿茶、百劫星罗,easy、normal,7.3,722,2017,否,中篇,1688,悬疑,战斗,阴谋,国产,,,,,,,
PARQUET,v31807,,,2021,Yuzusoft,全年龄,天宮 りつ,こぶいち、こもわた 遙華、羽純 りお、むりりん、ろど,Angel Note、Famishin、森 まもる、井ノ原 智、Ena,東山 奈央,easy、normal,5.7,971,9900,否,中篇,622,悬疑,科幻,,,,,,,,,
創作彼女の恋愛公式,v31136,创作彼女的恋爱方程式,创作彼女的恋爱公式,2021,Aino+Links,R18,工藤 啓介,有葉、志水 マサトシ、永山 ゆうのん、TwinBox,折倉 俊則、柳 英一朗、樋口 秀樹、西坂 恭平,くすはら ゆい、夏峰 いろは、明羽 杏子、葉月 ひかり,easy、normal,6.1,977,9044,否,中篇,1560,真女主,创作/设计题材,,,,,,,,,
恋愛×ロワイアル,v28633,恋爱X决胜战,恋ロワ、Koirowa、Renai X Royale - Love's a Battle,2020,ASa Project,R18,八日 なのか,夕凪 セシナ、結城 リカ、冬壱 もんめ、たかへろ、なつき ゆう、秋月 すいれん、ユウキ ナオヒロ,山下 航生、朝霧 はやと、rian,杏子 御津、白月 かなめ、小鳥居 夕花、東雲 りあ、木之 みき,easy、normal,6.4,1102,7293,否,中篇,1796,多角恋,meta,,,,,,,,,
ドーナドーナ いっしょにわるいことをしよう,v27519,多娜多娜 一起干坏事吧,doHna:doHna,2020,Alice Soft,R18,ダイス ころがし,魚介、BLADE、INO、しのづか あつと、さくや ついたち、竜太、小豆TANK、てつぶた、FBC、黒本君、サガノ ユウジ,水夏 える、田中 文久、江口 孝宏,唯香、榛名 れん、金松 由花、野☆球、鈴谷 まや、夏村 伊介、ますおか ゆうじ、谷根 千、小波 すず、飴川 紫乃、百千 るか、東 シヅ、二階堂 明日郎、夏樹 柑菜、牛蛙 キタロウ,beginner、easy、normal,7.4,3174,1682,否,长篇,2700,科幻,反乌托邦,,,,,,,,,
白昼夢の青写真,v26987,白日梦的构想图,夢青、Musei、The girl who's called the world、yonagi,2020,Laplacian,R18,御導 はるか、モーリー、緒乃 ワサビ、あけお、はまぐり 孤之助,霜降、ぺれっと,上原 一之龍、小高 光太郎、Xelfery、Muu Dogg、かしこ、momo、T･H、西村 拓真、Ram4.MarkII,浅川 悠,easy、normal,7.4,1822,1673,否,长篇,1935,科幻,失忆,末日,记忆篡改,梦境,真女主,疾病,,,,
ATRI -My Dear Moments-,v27448,亚托莉 -我挚爱的时光-,,2020,Makura、Frontwing,全年龄,紺野 アスタ,田口 まこと、minori、マグナム、わいっしゅ、ゆさの、基4,松本 文紀,赤尾 ひかる,beginner、easy、normal,7.1,6967,3201,否,中篇,795,科幻,夏天,末日,岛屿,,,,,,,
マルコと銀河竜,v26902,丸子与银河龙,Marco and the Galaxy Dragon,2020,HARUKAZE,全年龄,はと,大空 樹、ひずみ、BoCuden、プシュケー、わいっしゅ、真夏 ろこ、河地 りん、二条 なで、田中 優士、寿司山、かんべ ぴろしさ、杜もり、星野 拓、ばんか、こばやし まつり、蕊坂 哉人、rice、さく,森 リーモ 慎之介、斎藤 優輝、ぽみ、RE-D,井澤 詩織、吉田 有里、田村 睦心、石見 舞菜香,beginner、easy、normal,7.4,2639,1638,否,短篇,420,科幻,失忆,,,,,,,,,
アインシュタインより愛を込めて,v24987,爱因斯坦携爱敬上,アイこめ、Aikome、Einstein with Love、来自爱因斯坦之爱、爱因斯坦爱意满满的来信,2020,VISUAL ARTS,R18,新島 夕,こもわた 遙華、きみしま 青、志水 マサトシ,水月 陵、竹下 智博,風音、佐本 二厘、杏 花、月野 きいろ、桜木 ひな,easy、normal,5.8,968,9724,是,中篇,1039,科幻,夏天,超能力,转生/轮回,阴谋,机甲,真女主,疾病,,,
徒花異譚,v27457,徒花异谭,Adabana Odd Tales,2020,Liar-soft,全年龄,海原 望,大石 竜子,さっぽろ ももこ、松本 慎一郎、木村 孝明、内山 利彦,南 早紀、加藤 渉,easy、normal,7.2,752,2772,否,短篇,514,奇幻,失忆,meta,梦境,疾病,,,,,,
星空鉄道とシロの旅,v28297,星空列车与白的旅行,星シロ、Hoshishiro、Hoshitetsu,2020,Shiratamaco,全年龄,さかき 傘,しらたま、ミニョン、わいっしゅ,project lights,芹澤 優、大野 柚布子、星谷 美緒,beginner、easy、normal,7.5,3471,1550,否,短篇,525,奇幻,真女主,疾病,,,,,,,,
ハミダシクリエイティブ,v27449,常轨脱离Creative,ハミクリ、Hamikuri、哈密达斯创意、哈密达斯、灵感满溢的甜蜜创想、富婆妹,2020,Madosoft,R18,甲木 順之助,宇都宮 つみれ、茜屋,まつむー、YUKI NAKANO、田中 俊裕、堀江 晶太、山口 たこ、よる。,秋野 花、戸田 めぐみ、堀場 美希、紬 雪乃,beginner、easy、normal,6.8,3049,4719,否,长篇,2632,夏天,创作/设计题材,,,,,,,,,
かけぬけ★青春スパーキング,v28286,绽放★青春全力向前冲！,Kakenuke Seishun Sparking!,2020,SAGA PLANETS,R18,籐太、モーリー、保住 圭、瀬尾 順、砥石 大樹、にっし～,長浜 めぐみ、ほんたにかなえ、とらのすけ、有末 つかさ、ぴこぴこぐらむ、秋月 すいれん、ユウキ ナオヒロ、羽咲 せいか,水月 陵、樋口 秀樹、高瀬 一矢、松本 慎一郎、YUKI NAKANO、田中 俊裕、山口 朗彦、えびかれー伯爵、山口 たこ,澤田 なつ、上原 あおい、明羽 杏子、丸葉 沙綾、水桃 もな、左利 ぴんく,easy、normal,6.1,968,9057,否,长篇,2655,夏天,民俗,,,,,,,,,
天ノ少女,v17012,天之少女,Kara no Shoujo 3、Ama no Shoujo、kns3、【穗见学园汉化组汉化组】,2020,Innocent Grey,R18,鈴鹿 美弥,杉菜 水姫、とよ、翡翠,MANYO、aya Sueki、Jerome Kern,柚木 かなめ、葉村 夏緒、秋城 柚月、かわしま りの、滝沢 アツヤ、Back麗男、原田 友貴、機知 通、河村 眞人、髭内 悪太,easy、normal,8.1,1833,300,是,中篇,1752,悬疑,血腥,犯罪,,,,,,,,
紅月ゆれる恋あかり,v28712,红月摇曳的恋之星火,ゆれあか、Yureaka、浅蓝汉化小番队,2020,CRYSTALiA,R18,若林 浩太郎、瑞守 ねおん、若瀬 諒、砥石 大樹,ぺろ、うすめ 四郎、白恵 りえ、ギザン、サイキライダー、noyF、きちえも,ALNEAR,あじ 秋刀魚、橘 まお、上原 あおい、北大路 ゆき,easy、normal,6.9,770,4237,是,中篇,1320,战斗,岛屿,,,,,,,,,
保健室のセンセーとシャボン玉中毒の助手,v28666,保健室的老师与沉迷吹泡泡的助手,ホケジョ、Hokejo,2020,Navel,R18,なかひろ,さんた 茉莉,Arte Refact、矢鴇 つかさ,真宮 ゆず,easy、normal,7.1,911,3074,是,中篇,900,转生/轮回,乡村,单女主,,,,,,,,
アマカノ2,v26307,甜蜜女友2,,2020,Azarashi Soft,R18,龍 岳来,ピロ水、塩澤 良憲、茜屋、chiki-co、わいっしゅ,Meis Clauson、斎藤 悠弥、Sawamurah、Anzie,神代 岬、歩 サラ、明羽 杏子,easy、normal,7.4,1812,1916,是,中篇,1725,,,,,,,,,,,
終ノ空 remake,v28806,终之空 remake,End Sky Remake、TsuiRE、终之空Remake、TnSR,2020,KeroQ,R18,SCA-自,SCA-自、基4%、吉田 誠治、新川 尚士、木根C,szak、Time Bandit、ryo、H.B STUDIO、viewtorino,佐山 森、花澤 さくら、小次狼、風花 ましろ、北大路 ゆき、東 シヅ,easy、normal,7.5,1467,1547,否,中篇,1024,夏天,阴谋,末日,电波,超现实,同性恋,,,,,
推しのラブより恋のラブ,v27236,一生推不如一生恋,Oshi no Love yori Ren no Love、OshiLove、推しラブ、오시러브、SukeraSomero,2020,SukeraSomero,R18,オグリ アヤ,DSマイル,よる。,猫村 ゆき、北大路 ゆき,easy、normal,5.9,683,9479,否,短篇,298,同性恋,,,,,,,,,,
D.C.4 ～ダ・カーポ4～,v24351,初音岛4,DC4、D.C.4 ~Da Capo 4~,2019,CIRCUS,R18,愛羽、日富美 信吾、保住 圭、相良 中通、夕凪 和泉、ハサマ、満腹亭白米,鷹乃 ゆき、たにはら なつき、蜜桃 まむ、如月 ゆう、しゃゆり,yozuca*、tororo、rino、lotta、chokix、Anzie、okky,遥 そら、奏雨、杏子 御津、歩 サラ、白雪 碧、くすはら ゆい、阿澄 佳奈、加藤 英美里、水瀬 いのり、東山 奈央、結城 ほのか、伊藤 彩沙、前川 涼子、尾崎 由香,normal,6.7,216,5130,是,超长篇,3039,岛屿,,,,,,,,,,
スタディ§ステディ,v24689,,见习§恋人,2019,Marmalade,R18,J・さいろー、吉川 芳佳、水瀬 拓未、しげた、雪月 陽花、高山 大河、ひなぢ とり、筆 氏名、山蕗 順平,emily、木場 智士,solfa、i.o.sound、橋咲 透、伊吹 ユキヒロ、こはるん,あじ 秋刀魚、ヒマリ、桃山 いおん、結城 ほのか,easy、normal,6.8,798,5050,是,中篇,1497,科幻,雪,,,,,,,,,
pieces/渡り鳥のソムニウム,v23732,pieces/候鸟的梦,ピーシーズ、pieces、Wataridori no Somnium,2019,Whirlpool,R18,和泉 万夜、近江谷 宥,水鏡 まみず、やなせ あき,solfa、薬師 るり、菊地 創、橋咲 透、根本 克則,鈴谷 まや、鹿野 まなか、夏和小、そよかぜ みらい,easy、normal,6.9,511,4326,是,中篇,1244,梦境,,,,,,,,,,
タマユラミライ,v23501,玉响未来,深野协调魔法使,2019,Azurite,R18,籐太、にっし～,あめと ゆき、柚木 ガオ、茉宮 祈芹、いずみ ななせ,小高 光太郎、槇 タケポン、石倉 誉之,杏子 御津、杏 花、くすはら ゆい、八ッ橋 しなもん,easy、normal,6.9,838,3990,否,长篇,1800,奇幻,魔法,转生/轮回,民俗,,,,,,,
"さくら、もゆ。-as the Night's, Reincarnation-",v22313,"樱花、萌放。-as the Night's, Reincarnation-",SakuMoyu、樱摸鱼、樱花摸鱼、さくら、もゆ,2019,FAVORITE,R18,漆原 雪人,なつめ えり、司田 カズヒロ、ミズタマ、ヒラサト、わいっしゅ,忍、菊地 創、小高 光太郎、野崎 心平、石倉 誉之,夏和小、猫村 ゆき、要 しおり、南 るお,beginner、easy、normal,8.2,2647,245,否,超长篇,3660,奇幻,时间旅行,魔法,转生/轮回,末日,梦境,,,,,
青い空のカミュ,v23863,青空下的加缪,BSC、Camus in The Blue Sky、青空下的卡缪,2019,KAI,R18,〆鯖コハダ,〆鯖コハダ、Rapt,BLUE DOOR RECORD,榊原 ゆい、成瀬 未亜、蒼依 ハル,beginner、easy、normal,7.1,2105,3370,否,短篇,481,奇幻,末日,血腥,,,,,,,,
恋愛、借りちゃいました,v25366,,恋爱？那就给钱吧、れんかり、Renkari、Renai Karichaimashita、こいかり、Renai Karichaimashita: Koikari - Love For Hire、借恋,2019,ASa Project,R18,八日 なのか,夕凪 セシナ、結城 リカ、冬壱 もんめ、たかへろ、なつき ゆう、秋月 すいれん,山下 航生、朝霧 はやと、rian,花寺 香蓮、水野 七海、要 しおり、藤崎 紗矢香、飴川 紫乃,beginner、easy、normal,6.8,2179,4613,否,中篇,1743,夏天,多角恋,meta,,,,,,,,
流星ワールドアクター,v24110,流星世界演绎者,流星WA、Ryuusei WA,2019,Heliodor,R18,衣笠 彰梧,春夏冬 ゆう、Rapt,YUKI NAKANO、山口 たこ,柚原 みう、くすはら ゆい、花園 めい、花咲 恋未,easy、normal,6.9,827,4208,是,长篇,2003,悬疑,奇幻,超能力,魔法,阴谋,犯罪,真女主,,,,
9-nine-はるいろはるこいはるのかぜ Episode.3 Haruka Kousaka,v23740,9-nine-春色春恋春熙风,9はるいろ、9Haruiro、9 -Nine- Episode 3: Haruka Kousaka,2019,Palette,R18,かずき ふみ,ぺろ、和泉 つばす,虻川 治、堀江 晶太,澤田 なつ、寺竹 順、沢澤 砂羽、夏和小、渚 しろな,beginner、easy、normal,6.9,4019,4476,是,中篇,637,悬疑,战斗,奇幻,超能力,犯罪,meta,,,,,
きまぐれテンプテーション,v26000,异想魅惑,きまテン、Kimaten、魅魔星奏,2019,SILKY'S PLUS,R18,かずき ふみ,きみしま 青,solfa、橋咲 透、こはるん、未来,歩 サラ,easy、normal,7.2,1527,2775,是,中篇,637,悬疑,奇幻,转生/轮回,犯罪,民俗,单女主,,,,,
真愛の百合は赤く染まる,v26232,真爱的百合被染成红色,まなかし、Manakashi、真爱百合、真爱的百合被染成红色,2019,Bug System,R18,和泉 万夜,るび様、味噌 職人,電気、BURTON,八尋 まみ、風花 ましろ,easy、normal,5.4,1080,10237,否,中篇,820,血腥,犯罪,同性恋,,,,,,,,
抜きゲーみたいな島に住んでる貧乳はどうすりゃいいですか？2,v23741,,抜きゲーみたいな島に住んでる貧乳（わたし）はどうすりゃいいですか？2、ぬきたし2、Nukitashi2、Is the prospect Hope or Despair?、拔作岛2、拔岛2,2019,Qruppo,R18,倉骨 治人、神近 ゆう,如月 千幸、浮丸 つぼね、胡太郎,えびかれー伯爵、ウミガメ、池木 紗々、かしこ,沢野 ぽぷら、わらび 茶々,beginner、easy、normal,8.1,2683,314,是,长篇,2548,阴谋,战斗,岛屿,,,,,,,,
MUSICUS!,v22783,,ムジクス、Musica!,2019,OVERDRIVE,R18,瀬戸口 廉也,すめらぎ 琥珀,細井 聡司、穴澤 淳、流田 豊、桃山 竜二、栗川 雅裕、出口 遼,神保 巴、橘 志穂、服巻 浩司、高橋 英則、古木 のぞみ、山本 和臣,easy、normal,8.5,704,107,否,长篇,2273,音乐主题,,,,,,,,,,
Evenicle -イブニクル- 2,v23742,夏娃年代记2,Evenicle2,2019,Alice Soft,R18,よーいちろー、ヨイドレ・ドラゴン、犬丼,織音、八重樫 南、瑠奈 璃亜、たっくん、奄美あまゆ,水夏 える、PKタートルズ,榛名 れん、藤咲 ウサ、歩 サラ、和央 きりか,easy、normal,6.9,773,4447,是,超长篇,3940,战斗,奇幻,疾病,,,,,,,,
ソーサレス＊アライヴ！～the World's End Fallen Star～,v23288,SorceressAlive!～世界末日陨落之星～,Sorceress*Alive！～the World's End Fallen Star～,2019,Fluorite,R18,LEGIOん、ストーリーワークス,早川 ハルイ、庄名 泉石、桜坂 つちゆ、桜 みさき、Rapt、meiz,琉姫 アルナ,小倉 結衣、遠野 そよぎ、北見 六花、花澤 さくら、小鳥居 夕花、満島 きよら,easy、normal,7.2,868,2416,否,长篇,2007,战斗,奇幻,科幻,魔法,转生/轮回,,,,,,
喫茶ステラと死神の蝶,v26414,星光咖啡馆与死神之蝶,Kissa Stella to Shinigami no Chou、Café Stella and the Death Goddess' Butterfly、星巴克与扑棱蛾子,2019,Yuzusoft,R18,J・さいろー、瀬尾 順、天宮 りつ、かずき ふみ,こぶいち、こもわた 遙華、むりりん、ろど,伊福部 武史、Angel Note、Famishin、森 まもる、井ノ原 智、山田屋 カズ、椎名 俊介、ユージ・ナイトー,上原 あおい、夏和小、麻倉 亞恋、音来内 麗、木之 みき,beginner、easy、normal,6.4,3829,7641,否,长篇,2437,转生/轮回,民俗,奇幻,咖啡厅,,,,,,,
Christmas Tina -泡沫冬景-,v24208,Christmas Tina -泡沫冬景-,クリスマスティナ、クリティナ,2019,Nekoday,全年龄,片岡 とも,Werkbau、forfreedo、老鹅、YeC夜蟲,bermei.inazawa,田口 宏子、若本 規夫、日野 聡、名塚 佳織、柳 知萧、劉 セイラ、悠月 美鈴、森中人、李 进、云鹤追、王 聪,easy、normal,6.9,1101,4302,是,短篇,578,咖啡厅,雪,,,,,,,,,
かりぐらし恋愛,v22045,寄宿之恋,Karigurashi Renai,2018,ASa Project,R18,天都、八日 なのか、言川 紺、内藤 自由,夕凪 セシナ、結城 リカ、冬壱 もんめ、たかへろ、なつき ゆう、アンのうん、秋月 すいれん,山下 航生、OdiakeS、朝霧 はやと、rian,歩 サラ、花澤 さくら、くすはら ゆい、鹿野 まなか,easy、normal,6.8,1578,4829,否,中篇,1258,meta,,,,,,,,,,
みにくいモジカの子,v21667,丑小鸭与文字祸,Mojika、モジカ、The Ugly Duckling,2018,NITRO+,R18,下倉 バイオ,はましま 薫夫,ハタ ユウスケ,桃井 いちご、木村 あやか、あかし ゆき、懸田 毬絵、水奈月 ひなん,easy、normal,6.2,934,8670,否,中篇,1072,超能力,阴谋,民俗,真女主,,,,,,,
神待ちサナちゃん,v22553,神待少女纱波,Kamisana,2018,Frill,R18,巽 ヒロヲ、白矢 たつき,伊倉 ナギサ,しょうゆ、竹下 智博、TAKUYA,月野 きいろ、大和 桜,easy、normal,6.6,720,6178,是,短篇,562,单女主,,,,,,,,,,
空に刻んだパラレログラム,v23908,印刻天际的Parallelogram,ぱられろ、Parallelo、Sora ni Kizanda Parallelogram,2018,Uguisu Kagura,R18,ルクル,桐葉、萩野 小唄、漆原六花,めと,唯香、鈴谷 まや、琉花 あか、そよかぜ みらい,normal,6,239,9100,否,中篇,1158,岛屿,科幻,,,,,,,,,
出会って5分は俺のもの！ 時間停止と不可避な運命,v23388,5分钟的邂逅！时间停止与不可避免的命运！,The inevitable destiny opened by an Atropos watch、Atropos、アトロポス、俺不可避、orefukahi、相见5分属于我！ 时间停止和不可避的命运、相遇之后的5分钟属于我！时间停止与不可避的命运,2018,Hulotte,R18,姫ノ木 あく、桐生 恭丞,池上 茜、ろど、meiz,Peak A Soul+、chokix、鈴木 ぷよ,歩 サラ、桃山 いおん、月野 きいろ、春乃 いろは、明羽 杏子,easy、normal,6.5,1280,7046,是,中篇,1500,科幻,真女主,,,,,,,,,
未来ラジオと人工鳩,v22603,未来广播与人工鸽,未来电波和人工鸽子,2018,Laplacian,R18,緒乃 ワサビ、はまぐり 孤之助、上都 河希,霜降、緒乃 ワサビ、ぺれっと,上原 一之龍、Xelfery、Muu Dogg、ラムシーニ、かしこ,小倉 結衣、神代 岬、春乃 いろは、海野 佳衣,easy、normal,6.5,586,6511,否,中篇,1080,科幻,夏天,末日,记忆篡改,,,,,,,
ランス10,v20802,兰斯10 决战,Rance X、ランス10－決戦－、Rance 10 -Kessen-、Rance 10,2018,Alice Soft,R18,ヨイドレ・ドラゴン、ダイス ころがし,織音、MIN-NARAKEN、たっくん,Shade、水夏 える、DJ C++、PKタートルズ,无配音,beginner、easy、normal,9.3,3587,2,是,超长篇,9750,奇幻,meta,战争,,,,,,,,
トリノライン：ジェネシス,v21295,,TRIノLINE GENESIS、Torino Line Genesis,2018,minori,R18,8、御厨 みくり、花見田 ひかる、鋏鷺,きのこのみ、柚子奈 ひよ、sata りすく、水野 早桜、真夏 ろこ,天門,御子神 猫、くすはら ゆい、八ッ橋 しなもん、要 しおり、天晴いぶ,normal,6.7,244,5162,否,短篇,495,夏天,岛屿,,,,,,,,,
アメイジング・グレイス -What color is your attribute?-,v23448,奇异恩典·圣夜的小镇,あめぐれ、奇异恩典圣夜的小镇、Amazing Grace -What color is your attribute?-,2018,Cabbage Soft,R18,しげた、冬茜 トム,梱枝 りこ、よねぞう,solfa、ave;new、橋咲 透、a.k.a.dRESS,藤咲 ウサ、よもぎすふれ、月白 まひる、桜田 紅,easy、normal,7.5,1244,1514,否,长篇,1842,悬疑,失忆,时间旅行,阴谋,末日,记忆篡改,,,,,
Summer Pockets,v20424,夏日口袋,サマーポケッツ、サマポケ、SumPock、Samapoke、Summer Pockets(無印)、SPRB、Summer Pockets Reflection Blue,2018,Key,全年龄,魁、ハサマ、新島 夕、今科 理央、富岡 征士郎,ふむゆん、Na-Ga、和泉 つばす、永山 ゆうのん,麻枝 准、折戸 伸治、水月 陵、塚越 雄一朗、どんまる、森藤 晶司、bermei.inazawa、しょうゆ、竹下 智博、中山 真斗、柳川 和樹、草川 信,小山 さほみ、高森 奈津美、田中 あいみ、千葉 翔也、小原 好美、嶺内 ともみ、岩井 映美里、一宮 朔、ファイルーズあい,beginner、easy、normal,8.2,5740,197,否,超长篇,3240,悬疑,时间旅行,夏天,岛屿,民俗,,,,,,
9-nine-そらいろそらうたそらのおと Episode.2 Sora Nimi,v21668,9-nine-天色天歌天籁音,9そらいろ、9Sorairo、9 -Nine- Episode 2: Sora Nimi,2018,Palette,R18,かずき ふみ,ぺろ、和泉 つばす,安瀬 聖、虻川 治,澤田 なつ、寺竹 順、沢澤 砂羽、夏和小、渚 しろな,beginner、easy、normal,7.2,4749,2755,是,中篇,655,悬疑,战斗,奇幻,超能力,犯罪,,,,,,
抜きゲーみたいな島に住んでる貧乳はどうすりゃいいですか？,v22899,,抜きゲーみたいな島に住んでる貧乳（わたし）はどうすりゃいいですか？、NukiTashi、ぬきたし、Is the Island Utopia or Dystopia?、拔作岛,2018,Qruppo,R18,倉骨 治人、神近 ゆう,如月 千幸、浮丸 つぼね、胡太郎,金閉開羅 巧夢、ウミガメ、池木 紗々、かしこ,花澤 さくら、そらまめ。、沢野 ぽぷら、水野 七海、柳 ひとみ、こはる 凪、飴川 紫乃、倉田 ありあ,beginner、easy、normal,7.4,4434,1614,是,长篇,2520,战斗,阴谋,岛屿,,,,,,,,
RIDDLE JOKER,v22230,,リドルジョーカー、谜语小丑、rj,2018,Yuzusoft,R18,J・さいろー、保住 圭、天宮 りつ、砥石 大樹,こぶいち、こもわた 遙華、むりりん、CWF美術部,伊福部 武史、Angel Note、佐々倉 マコト、新井 健史、Famishin、森 まもる、井ノ原 智、椎名 俊介,遥 そら、くすはら ゆい、沢澤 砂羽、夏和小、西園 純夏,beginner、easy、normal,6.5,4362,6796,否,长篇,2581,战斗,超能力,,,,,,,,,
ラズベリーキューブ,v22847,树莓立方体,ラズキュー、Rasberry Cube,2018,Madosoft,R18,近江谷 宥,はすね,斎藤 悠弥、まつむー、田中 俊裕、堀江 晶太,小野 涼子、小波 すず、蒼乃 むすび、飴川 紫乃,easy、normal,5.8,607,9634,否,长篇,1910,,,,,,,,,,,
如月真綾の誘惑,v22483,如月真绫的诱惑,Temptation of Elder Sister、oneyuu、如月真绫的诱惑,2018,AKABEiSOFT2,R18,泰良 則充,唯々月 たすく,tiko-μ、西坂 恭平,桃井 いちご,easy、normal,6.5,1096,7187,否,短篇,453,仅一位女主角,,,,,,,,,,
アオイトリ,v21523,青鸟,Blue Bird、Caged Bird,2017,Purple software,R18,御影、緒乃 ワサビ、はまぐり 孤之助,克、あきお、わいっしゅ、安納 エイト,虻川 治、山口 たこ,野々村 紗夜、秋野 花、橘 まお、くすはら ゆい、鈴谷 まや,beginner、easy、normal,7.3,2056,2065,否,长篇,1800,超能力,宅邸,奇幻,真女主,,,,,,,
ネコぱら vol.3 ネコたちのアロマティゼ,v19385,,NEKOPARA Vol.3 Aromatiser des filles-chats、Cats Paradise 3,2017,NEKO WORKs,R18,雪仁、鷹羽 蒼天,さより,水城 新人、Team-OZ、山田 重利、Shinji、PHA、Henry Clay Work,小倉 結衣、有坂 羽由,easy、normal,6.1,898,8980,是,短篇,450,多角恋,咖啡厅,,,,,,,,,
"ノラと皇女と野良猫ハート2 -Nora, Princess, and Crying Cat.-",v19841,野良与皇女与流浪猫之心2,ノラとと2、Noratoto 2、Nora、Princess、and Crying Cat. 2,2017,HARUKAZE,R18,はと,大空 樹、ひずみ、日下部 ハルカ、蒲磁 れん,Drop、ぽみ、RE-D,石上 静香、雨場 つかさ,easy、normal,7.5,974,1528,是,长篇,1926,魔法,奇幻,,,,,,,,,
サクラノモリ†ドリーマーズ 2,v20264,樱之杜†净梦者2,樱之杜†净梦者2、Sakura no Mori † Dreamers 2,2017,MOONSTONE,R18,呉,やまかぜ嵐、桜坂 つちゆ、日向 奈尾、イクラ、猫えモン,電気式華憐音楽集団、電気、Gaku,藤森 ゆき奈、榛名 れん、白月 かなめ、苺山 文太郎、仙地 祐里衣,easy、normal,7,507,3846,是,中篇,750,奇幻,血腥,,,,,,,,,
ニュートンと林檎の樹,v20330,牛顿与苹果树,Newrin、Newton and the Apple Tree,2017,Laplacian,R18,緒乃 ワサビ、はまぐり 孤之助,ベコ太郎、霜降、ぺれっと,上原 一之龍、中村 かしこ、Muu Dogg、MARUKEN、XELIK,民安 ともえ、小倉 結衣、秋野 花、白雪 碧、春乃 いろは、炒飯 ピラフ,easy、normal,6.4,912,7434,否,中篇,1200,时间旅行,真女主,,,,,,,,,
FLOWERS - Le volume sur hiver -,v19545,FLOWERS 冬篇,FLOWERS Fuyu-hen、Flowers4、FLOWERS -The volume of winter-,2017,Innocent Grey,全年龄,志水 はつみ,杉菜 水姫、翡翠,MANYO,名塚 佳織、岡本 理絵、明島 ゆうり,easy、normal,6.6,689,5919,是,中篇,975,悬疑,雪,同性恋,,,,,,,,
セヴンデイズ あなたとすごす七日間,v19654,7days—与你共度的七日间,7days with you: the most precious memory in our lives.、Seven Days,2017,LIFE0,全年龄,とむ 少佐,みこ,hotaru sounds,清水 愛、加藤 英美里、荒浪 和沙、上坂 すみれ、戸田 めぐみ、清水 彩香、桐谷 蝶々、藤田 昌代、桑原 由気、村上 奈津実、鈴代 紗弓,easy、normal,7.3,557,2339,是,中篇,1200,悬疑,夏天,,,,,,,,,
9-nine-ここのつここのかここのいろ Episode.1 Miyako Kujo,v19829,9-nine-九次九日九重色,９ここいろ、9 -Nine- Episode 1: Miyako Kujo、9っころ、Kukoro、9koro,2017,Palette,R18,かずき ふみ,ぺろ、和泉 つばす、BoCuden、プシュケー,虻川 治、田中 俊裕、山口 たこ,澤田 なつ、寺竹 順,beginner、easy、normal,6.4,4850,7727,是,短篇,510,悬疑,奇幻,超能力,魔法,犯罪,单女主,,,,,
景の海のアペイリア,v20860,流景之海的艾佩理雅,The sea of the landscape Apeiria、景（ひかり）の海のアペイリア、海景的艾佩莉雅、景之海的埃佩利亚、景之海、海景房、流景之海的艾佩理雅,2017,SILKY'S PLUS,R18,範乃 秋晴,小林 勝寿、いつい,薬師 るり、根本 克則、未来,桜川 未央、古河 徹人、秋野 花、小鳥居 夕花、橘 まお,beginner、easy、normal,7.9,2670,473,否,中篇,1725,悬疑,奇幻,科幻,失忆,时间旅行,,,,,,
美少女万華鏡 -罪と罰の少女-,v19182,美少女万华镜 -罪与罚的少女-,美少女万華鏡4、Biman 4,2017,ωstar,R18,吉祥寺 ドロレス,八宝備 仁,むにょっ、秋山 裕和,このは、ヒマリ、杏子 御津、榛名 れん、篠原 ゆみ,beginner、easy、normal,6.9,3050,4591,是,短篇,540,悬疑,真女主,,,,,,,,,
絆きらめく恋いろは,v21465,牵绊闪耀的恋之伊吕波,めくいろ、Mekuiro、羁绊辉耀的恋之伊吕波、永远的羁绊与恋爱之歌、羁绊辉煌恋爱入门,2017,CRYSTALiA,R18,瑞守 ねおん、ギハラ、砥石 大樹、にっし～,ぺろ、にろ、うすめ 四郎、萌木 雄太、サイキライダー,琉姫 アルナ、ALVINE,ヒマリ、卯衣、蓬 かすみ、藤崎 紗矢香,easy、normal,6.4,1818,7373,是,中篇,1695,战斗,岛屿,,,,,,,,,
金色ラブリッチェ,v21852,金辉恋曲四重奏,Kinkoi、金恋、金色Loveriche,2017,SAGA PLANETS,R18,さかき 傘、にっし～,長浜 めぐみ、ひさま くまこ、ほんたにかなえ、とらのすけ、有末 つかさ、ぴこぴこぐらむ,Elements Garden、水月 陵、下地 和彦、樋口 秀樹、菊田 大介、Arte Refact、Kuro、ふる、高瀬 一矢、尾崎 武士、松本 慎一郎,あじ 秋刀魚、遥 そら、小鳥居 夕花、猫村 ゆき、土屋 粘,beginner、easy、normal,7.6,3268,1150,否,长篇,2760,疾病,,,,,,,,,,
Making*Lovers,v21552,突然＊恋人,メイキング・ラバーズ,2017,SMEE,R18,モーリー、早瀬 ゆう、岸田 ソラ,谷山さん,ウミガメ,北見 六花、森谷 実園、羽鳥 いち、月野 きいろ、恋羽 もこ,beginner、easy、normal,7.4,2220,1649,否,长篇,1816,,,,,,,,,,,
水葬銀貨のイストリア,v20471,水葬银货的伊斯特利亚,水葬银货的 Istria、Istoria of SuisouGinka、水葬银币的伊斯特里亚,2017,Uguisu Kagura,R18,ルクル,桐葉、あまみね、漆原六花、なたーしゃ,めと,御苑生 メイ、秋野 花、くすはら ゆい、桜似 あかり,beginner、easy、normal,7.2,1953,2490,否,长篇,2550,超能力,阴谋,犯罪,疾病,,,,,,,
スキとスキとでサンカク恋愛,v19444,青春×好奇相伴的三角恋爱,Sankaku Renai: Love Triangle Trouble,2016,ASa Project,R18,天都、十 全、八日 なのか、言川 紺、内藤 自由,夕凪 セシナ、結城 リカ、冬壱 もんめ、たかへろ、なつき ゆう,山下 航生、rian,小野 涼子、清水 愛、大橋 歩夕、鹿野 まなか,easy、normal,6.6,731,6346,否,中篇,1740,meta,乡村,,,,,,,,,
生命のスペア,v19513,生命的备件,I was born for you、inosupa、生命的备件,2016,AKABEiSOFT2,R18,中島 大河,秋空 もみぢ,西坂 恭平,花澤 さくら、橘 まお,easy、normal,6.7,1185,5772,否,中篇,720,单女主,,,,,,,,,,
ネコぱら vol.2 姉妹ネコのシュクレ,v18713,,NEKOPARA vol.2 Des soeurs filles-chat tres gentilles、Cats Paradise 2,2016,NEKO WORKs,R18,雪仁,さより,水城 新人、Team-OZ、山口 朗彦、hikaru,成瀬 未亜、手塚 りょうこ,easy、normal,6,1081,9156,是,短篇,336,多角恋,咖啡厅,,,,,,,,,
ISLAND,v18498,,アイランド,2016,Frontwing,全年龄,ごぉ,空中 幼彩、マグナム,安瀬 聖、藤間 仁、藤田 淳平、菊地 創,田村 ゆかり、阿澄 佳奈、村川 梨衣,beginner、easy、normal,7.7,3266,767,否,长篇,2100,科幻,失忆,时间旅行,夏天,转生/轮回,末日,岛屿,宅邸,真女主,疾病,
まいてつ,v18131,爱上火车,Maitetu、铁道共舞,2016,Lose,R18,進行豹,Cura、Tam-U、Re:N根,"新井 健史、Team-OZ、studio sync,beat system、琉姫 アルナ、ALVINE、佐久間 きらら、SONO MAKERS",あじ 秋刀魚、桐谷 華、ヒマリ、樫野 樹,easy、normal,6.8,1119,4949,否,长篇,2265,科幻,真女主,,,,,,,,,
Re：LieF ～親愛なるあなたへ～,v19587,Re:LieF 〜献给亲爱的你〜,レリーフ、Re: LieF ~DeaR YoU~、레리프、Re:LieF ～献给亲爱的你～,2016,RASK,R18,雫 将維、えある、平乃 ひら、とべ あきら,クロノ ミツキ、mocha、雫 将維、胡太郎,金閉開羅 巧夢、中村 かしこ、池木 紗々、甘利 紗陽、Harry Dacre、渡信天翁、天草 月乃,奥山 歩、葵 ゆり、綾瀬 あかり、藤川なつ、黛 希和,easy、normal,6.9,939,4537,是,中篇,1534,悬疑,真女主,科幻,岛屿,梦境,音乐主题,,,,,
銀色、遥か,v18778,银色遥远,Ginharu,2016,tone work's,R18,魁、白矢 たつき、今科 理央、にっし～、丘野 塔也、真崎 ジーノ,恋泉 天音、秋野 すばる、武藤 此史、柚木 ガオ、古池屋、七麦 ヒロイ,MANYO、水月 陵、どんまる、Meis Clauson、しょうゆ、Meeon、竹下 智博、中沢 伴行,風音、橘 まお、くすはら ゆい、鈴谷 まや、柳 ひとみ,easy、normal,7.2,935,2525,否,超长篇,4353,民俗,雪,咖啡厅,,,,,,,,
"ノラと皇女と野良猫ハート -Nora, Princess, and Stray Cat.-",v18148,野良与皇女与流浪猫之心,Noratoto、ノラとと、노라토토,2016,HARUKAZE,R18,はと,大空 樹、ひずみ、日下部 ハルカ、プシュケー、胡太郎,はと、Drop、AH、森 リーモ 慎之介、ぽみ、RE-D,浅川 悠、遥 そら、種﨑 敦美、高森 奈津美,easy、normal,7.2,1723,2835,是,中篇,1598,魔法,奇幻,,,,,,,,,
フローラル・フローラブ,v18842,花之天使的夏日恋歌,フロフロ、Floflo、Floral Flowlove、花天使的夏恋歌,2016,SAGA PLANETS,R18,籐太、龍 岳来、砥石 大樹、御厨 みくり,長浜 めぐみ、柚木 ガオ、ほんたにかなえ、とらのすけ、有末 つかさ、茉宮 祈芹,水月 陵、Arte Refact、川崎 海、八木沼 悟志、松本 慎一郎、矢鴇 つかさ,秋野 花、小鳥居 夕花、くすはら ゆい、大堂 茉莉、宙白 青、四暮 れい,easy、normal,7.2,1127,2513,否,长篇,2375,魔法,奇幻,,,,,,,,,
仄暗き時の果てより,v19974,来自昏暗的时间尽头,来自昏暗的时间尽头、仄暗,2016,MOONSTONE,R18,呉,桜坂 つちゆ、イクラ、猫えモン,solfa、iyuna、橋咲 透、伊吹 ユキヒロ,サトウ ユキ、桃山 いおん、こたつ みやこ,easy、normal,7.3,1048,2160,是,中篇,1036,奇幻,血腥,时间旅行,,,,,,,,
千恋＊万花,v19073,千恋＊万花,Senren * Banka: A Thousand Colors of Love,2016,Yuzusoft,R18,籐太、瀬尾 順、天宮 りつ,こぶいち、こもわた 遙華、むりりん、煎路,Angel Note、新井 健史、Famishin、R.East、森 まもる、井ノ原 智、椎名 俊介,遥 そら、小鳥居 夕花、沢澤 砂羽、佐藤 みかん,beginner、easy、normal,6.8,7315,4682,否,长篇,2734,奇幻,民俗,乡村,,,,,,,,
枯れない世界と終わる花,v19658,永不枯萎的世界与终结之花,永不枯萎的世界与终之花、The rainbow appears after flowering rain.、karehana、kareseka、不败世界与终焉之花、永不枯萎的世界与终结之花,2016,Sweet & Tea,R18,雪仁,あめと ゆき、蟹屋 しく、味噌 職人、むかゆう,水城 新人、清水 永之,秋野 花、夏峰 いろは、沢澤 砂羽、谷 若葉,beginner、easy、normal,6.7,2261,5854,否,中篇,696,失忆,咖啡厅,,,,,,,,,
夏ノ鎖,v18806,夏之锁,Natsuno Kusari、[联合汉化],2016,CLOCKUP,R18,浅生 詠,のりざね,,葵 時緒、刺草 ネトル,easy、normal,6.7,1491,5413,否,短篇,357,夏天,单女主,,,,,,,,,
アマツツミ,v18852,天津罪,,2016,Purple software,R18,御影,克、鳥取 砂丘、月杜 尋、meiz,田辺 トシノ、YUKI NAKANO、虻川 治、宝野 聡史,小倉 結衣、秋野 花、山田 ゆな、夕季 鈴,beginner、easy、normal,7.5,3039,1265,否,长篇,1800,夏天,超能力,记忆篡改,真女主,,,,,,,
月影のシミュラクル -解放の羽-,v19964,月影魅像-解放之羽-,月影幻像、解放之羽、入木三分,2016,Applique,R18,桐月,オダワラハコネ,Angel Note、鷹石 しのぶ、Meis Clauson、西坂 恭平,桃山 いおん、春乃 いろは,beginner、easy、normal,6.9,2207,4192,否,中篇,800,悬疑,血腥,犯罪,宅邸,,,,,,,
FLOWERS - Le volume sur automne -,v18152,FLOWERS 秋篇,Flowers Aki-hen、Flowers3、FLOWERS -The volume of autumn-,2016,Innocent Grey,全年龄,鈴鹿 美弥、志水 はつみ,杉菜 水姫、翡翠,MANYO,西口 有香、瑞沢 渓、長妻 樹里,easy、normal,8.1,1015,297,是,中篇,952,悬疑,同性恋,,,,,,,,,
我和她的世界末日,v22117,,Our End of the World,2016,Juzi Ban,全年龄,黑白喵,33paradox、RING大,煉獄庭園,无配音,normal,5.3,386,10268,否,中篇,735,悬疑,时间旅行,末日,单女主,国产,,,,,,
うたわれるもの 二人の白皇,v18717,传颂之物-二人之白皇-,Utawarerumono 3、受讚颂者 二人的白皇,2016,Leaf/AQUAPLUS,全年龄,涼元 悠一、菅 宗光、まるいたけし、日暮 茶坊、暮羽 松葉,みつみ 美里、甘露 樹、本条 たたみ,石川 真也、豆田 将、松岡 純也、中上 和英、下川 直哉、林 茂樹,儀武 ゆう子,easy、normal,8.2,1529,253,是,超长篇,3240,悬疑,战斗,奇幻,科幻,超能力,魔法,转生/轮回,阴谋,末日,记忆篡改,战争
サクラノモリ†ドリーマーズ,v18760,樱之杜†净梦者,樱之杜†净梦者、Sakura no Mori † Dreamers,2016,MOONSTONE,R18,呉,やまかぜ嵐、桜坂 つちゆ、日向 奈尾、猫えモン,電気式華憐音楽集団、電気、Gaku,藤森 ゆき奈、榛名 れん、白月 かなめ、苺山 文太郎、仙地 祐里衣,easy、normal,6.7,771,5388,是,长篇,2100,悬疑,奇幻,血腥,超能力,犯罪,民俗,梦境,真女主,,,
祝姫,v17863,祝姬,いわいひめ,2016,Regista、DMM GAMES,全年龄,竜騎士07,和遥 キナ、mocha,椎名 建矢、細井 聡司、しほり、ロドリゲス のぶ、Charis-Node、田畑 三津広、中島 大介、シライシ 紗トリ,田中 涼子、ブリドカット・セーラ・恵美、本多 真梨子、赤﨑 千夏、大坪 由佳、古川 慎,normal,6.3,482,7879,否,中篇,1410,悬疑,奇幻,血腥,转生/轮回,阴谋,民俗,梦境,,,,
千の刃濤、桃花染の皇姫,v15708,千之刃涛、桃花染之皇姬,千桃、Senmomo、Sen no Hatou、Tsukisome no Kouki,2016,AUGUST,R18,榊原 拓、内田 ヒロユキ、安西 秀明,べっかんこう、夏野 イオ、北川 由貴、ゆうろ,Ceui、Active Planets、小高 光太郎、梵 陳煩、HIR、スミイ酸、佐久間 きらら、ラムシーニ,中島 沙樹、羽多野 渉、遥 そら、奏雨、高森 奈津美、猫村 ゆき,easy、normal,6.8,1727,4953,否,长篇,1800,战斗,失忆,血腥,魔法,奇幻,,,,,,
BALDR HEART,v18783,,バルドハート、BH,2016,GIGA,R18,卑影 ムラサキ、企画屋,緋ノ丘 シュウジ、FFC、きのこ むし、胡太郎、サイキライダー,MANYO、新井 健史、TGZ SOUNDs、高瀬 一矢、尾崎 武士,奏雨、桃 桃太、月影 桃、しぶさわ ゆきの、のはら 桜花,easy、normal,7.7,648,849,否,超长篇,3221,战斗,科幻,失忆,转生/轮回,阴谋,真女主,民俗,,,,
死に逝く君、館に芽吹く憎悪,v19233,逝去的你、于馆中萌生的憎恶,Shi ni Yuku Kimi、Yakata ni Mebuku Zouo、にくにく、Nikuniku、死馆、逝去的你、馆里苏醒的罪恶,2016,Bug System,R18,和泉 万夜,るび様、味噌 職人、むかゆう,電気、ソフトタッチマン、和解 事件,和葉、あかし ゆき,beginner、easy、normal,6.2,2258,8592,是,中篇,806,失忆,血腥,转生/轮回,末日,宅邸,,,,,,
美少女万華鏡 -神が造りたもうた少女たち-,v14365,美少女万华镜 -为神所创的少女们-,美少女万華鏡3、Biman 3,2015,ωstar,R18,吉祥寺 ドロレス,八宝備 仁,むにょっ、盛合 千鶴子、ポパン、秋山 裕和,上田 朱音、手塚 りょうこ,beginner、easy、normal,7.1,3228,3006,是,短篇,587,科幻,末日,,,,,,,,,
サクラノ詩 —櫻の森の上を舞う—,v562,樱之诗 - 在樱花之森上飞舞,樱之诗,2015,Makura,R18,SCA-自、浅生 詠,木根C、すかぢ、硯、月音、基4%、吉田 誠治、狗神 煌、籠目、新川 尚士、兎桐茸子,折倉 俊則、ALNEAR、ピクセルビー、松本 文紀、ryo、Erik Satie、Robert Schumann,小倉 結衣、藤森 ゆき奈、澤田 なつ、五行 なずな、大花 どん、早瀬 ゃょぃ、萌花ちょこ、藤神 司朗、猫村 ゆき、牛蛙 キタロウ,beginner、easy、normal,8.7,6624,27,是,超长篇,3900,失忆,民俗,,,,,,,,,
サノバウィッチ,v16044,魔女的夜宴,サノバウィッチ Sabbat of the Witch、Son of a Witch: Sabbat of the Witch、Sonova Witch、Sonovawitch、Sabbath of the Witch,2015,Yuzusoft,R18,籐太、保住 圭、天宮 りつ,こぶいち、こもわた 遙華、むりりん,佐々倉 マコト、新井 健史、Famishin、井ノ原 智、椎名 俊介、朝井 泰生,遥 そら、桐谷 華、黒咲 そら、明科 まなさ,beginner、easy、normal,7.1,5740,2911,否,超长篇,3000,时间旅行,魔法,真女主,咖啡厅,奇幻,,,,,,
FLOWERS - Le volume sur été -,v15395,FLOWERS 夏篇,Flowers Natsu-hen、FLOWERS 夏篇、Flowers2、FLOWERS -The volume of summer-,2015,Innocent Grey,全年龄,鈴鹿 美弥、志水 はつみ,杉菜 水姫、翡翠,MANYO,洲崎 綾,easy、normal,8.1,1281,326,是,中篇,960,夏天,真女主,同性恋,,,,,,,,
ソレヨリノ前奏詩,v15637,永不落幕的前奏诗,yorino、ヨリノ、それよりのぷろろーぐ、Soreyori no Prologue,2015,minori,R18,御影、鏡 遊、伝野てつ、花見田 ひかる,柚子奈 ひよ、sata りすく、水野 早桜、真夏 ろこ,天門、柳 英一朗,くすはら ゆい、春田 花音、日向 美紅,beginner、easy、normal,7.2,2169,2673,否,中篇,919,夏天,真女主,,,,,,,,,
花の野に咲くうたかたの,v16193,五色浮影绽放于花之海洋,花野盛开的瞬间、The Sweet World of The Ephemeral、Hananono、はなのの,2015,Applique,R18,桐月,オダワラハコネ,Angel Note、鷹石 しのぶ、山田屋 カズ、椎名 俊介,有栖川 みや美、秋野 花、くすはら ゆい、二戒堂 文乃、相葉 美鳥,easy、normal,6.8,640,5099,否,中篇,1747,悬疑,,,,,,,,,,
レイジングループ,v21289,人狼村之谜,乐境虏逋、人狼村、愤怒循环、Raging Loop,2015,Kemco Corporation,全年龄,あんひびあん,影由,あんひびあん、乃々都,岡村 海那実、荒井 智、北澤 しおん、仮屋 美希、松本 恭平、斉藤 拓哉、植木 由美子、松元 一真、勝畑 伸之介、小澤 直樹、南 美穂、岩本 悠花、百瀬 晃人、古谷野 紗羅、鴨野孝昇、鯛ゆみ坊,beginner、easy、normal,8.2,5402,276,否,长篇,2190,悬疑,奇幻,科幻,时间旅行,超能力,魔法,阴谋,民俗,真女主,,
STEINS;GATE 0,v17102,命运石之门 0,シュタインズ・ゲート・ゼロ、シュタゲゼロ、S、G 0、Shutage 0,2015,MAGES.,全年龄,林 直孝、安本 亨、たきもと まさし、土屋 つかさ,松尾 ゆきひろ、huke、池田 靖宏、甚六、すずき めい、撫荒 武吉、福田 知則、上野 こけもも‏、只野 和子,MANYO、志倉 千代丸、阿保 剛、悠木 真一、荒幡 亮平、大島 こうすけ,花澤 香菜、今井 麻美、桃井 はるこ、矢作 紗友里,beginner、easy、normal,7.9,3196,488,否,长篇,2100,悬疑,科幻,时间旅行,夏天,阴谋,反乌托邦,,,,,
時計仕掛けのレイライン-朝霧に散る花-,v16212,时钟机关的Ley-line-朝雾中飘零之花-,A Clockwork Ley-Line: Flowers Falling in the Morning Mist,2015,Unison Shift: Blossom,R18,風間 ぼなんざ、西ノ宮 勇希、@ピース、市川 環,いとう のいぢ、ぺろ、うらび,水月 陵,森谷 実園,easy、normal,7.8,1490,651,是,中篇,1014,悬疑,时间旅行,魔法,转生/轮回,真女主,奇幻,,,,,
ネコぱら vol.0 水無月ネコたちの日常！,v17763,,,2015,NEKO WORKs,全年龄,雪仁,さより,水城 新人,小倉 結衣、ヒマリ、有坂 羽由、成瀬 未亜、手塚 りょうこ、佐倉 江美、中村 あむ,easy、normal,5.7,886,9806,是,超短篇,80,宅邸,,,,,,,,,,
Evenicle -イブニクル-,v16640,夏娃年代记,Evenicle,2015,Alice Soft,R18,イマーム、よーいちろー、ヨイドレ・ドラゴン,MIN-NARAKEN、八重樫 南、はぎや まさかげ,水夏 える、PKタートルズ,北見 六花、平野 響子、秋野 花、姫川 あいり,easy、normal,7.4,1796,1731,是,超长篇,3600,战斗,奇幻,魔法,阴谋,,,,,,,
うたわれるもの 偽りの仮面,v7721,传颂之物-虚伪的假面-,うたわれるもの2、Utawarerumono: The False Faces、受讚颂者 虚伪的假面,2015,Leaf/AQUAPLUS,全年龄,涼元 悠一、菅 宗光、まるいたけし、日暮 茶坊、中村 浩二郎、秋月 ひろ、暮羽 松葉,みつみ 美里、甘露 樹,石川 真也、豆田 将、松岡 純也、下川 直哉、林 茂樹、小林 俊太郎,江口 拓也、櫻井 孝宏、村瀬 歩、藤原 啓治、加隈 亜衣、山本 希望、原 由実、種田 梨沙、水瀬 いのり、利根 健太朗,easy、normal,8,1561,467,是,长篇,2220,战斗,奇幻,科幻,失忆,超能力,魔法,阴谋,末日,犯罪,战争,
ピュア×コネクト,v16166,与你心相连,Pure x Connect、PURE×CONNECT、纯白链接,2015,SMEE,R18,モーリー、早瀬 ゆう、松倉 慎二,真海、あめと ゆき,折倉 俊則、Sound Studio B,春日 アン、柚木 サチ、新山 ゆうき,easy、normal,7.5,1009,1455,否,中篇,1788,咖啡厅,,,,,,,,,,
恋×シンアイ彼女,v17516,想要传达给你的爱恋,School Girls Stories、Koi-Kakeru Shin-Ai Kanojo、Koikake、恋彼女,2015,Us:track,R18,新島 夕、真崎 ジーノ、茶渡 エイジ、条智 涼介,ぺろ、しらたま、きみしま 青、倉澤 もこ、志水 マサトシ,水月 陵、Meis Clauson,原田 友貴、遥 そら、遠野 そよぎ、阿部 朔、日傘 世玲那,beginner、easy、normal,7.2,3576,2867,否,中篇,1601,真女主,,,,,,,,,,
彼女のセイイキ,v16150,她的圣域,,2014,feng,R18,なかひろ,涼香、なちゅらるとん,堀江 晶太、ほーの,遥 そら,easy、normal,6.2,1196,8475,否,短篇,360,单女主,,,,,,,,,,
あの晴れわたる空より高く,v15077,冲破万里晴空之上,Byakko、Haretaka、Anohare、はれたか、造火箭、하레타카、나로호、晴空万里意凌云,2014,Chuablesoft,R18,範乃 秋晴,ちり,けんせい,あじ 秋刀魚、香澄 りょう、結衣菜、秋野 花、陸奥 出流,easy、normal,7.9,496,599,否,长篇,1903,岛屿,创作/设计题材,,,,,,,,,
Clover Day's,v13325,幸运草的约定,Clover Days、クローバーデイズ、CLD、幸运草的约定,2014,ALcot,R18,空下 元、宮蔵、保住 圭、瀬尾 順,ちこたむ、鳴海 ゆう、仁村 有志、生煮え、あおな まさお,MANYO、Manack,桐谷 華、遠野 そよぎ、北見 六花、くすはら ゆい、黒須 桐子,beginner、easy、normal,7.2,2640,2711,否,长篇,2625,多角恋,,,,,,,,,,
ネコぱら vol.1 ソレイユ開店しました！,v15538,,Cats Paradise、巧克力和香草、巧克力与香子兰、NEKOPARA Vol. 1,2014,NEKO WORKs,R18,雪仁,さより,水城 新人、PHA,ヒマリ、中村 あむ、八木 侑紀、佐伯 伊織,easy、normal,6.1,1733,9009,是,短篇,360,多角恋,咖啡厅,,,,,,,,,
アマカノ,v15679,甜蜜女友,,2014,Azarashi Soft,R18,龍 岳来,ピロ水、茜屋,Duca、安瀬 聖、Peak A Soul+、斎藤 悠弥、Sawamurah,真中 海、木村 あやか、秋野 花,normal,7.2,368,2659,是,长篇,1800,民俗,,,,,,,,,,
美少女万華鏡 -かつて少女だった君へ-,v14240,美少女万华镜 -献给曾是少女的你-,美少女万華鏡 ―かつて少女だった君へ―、美少女万華鏡２．５、Biman 2.5,2014,ωstar,R18,吉祥寺 ドロレス,八宝備 仁,むにょっ、盛合 千鶴子、ポパン、秋山 裕和,真中 海、葵 時緒,easy、normal,5.8,1897,9767,是,超短篇,55,奇幻,民俗,单女主,,,,,,,,
晴のちきっと菜の花びより,v14886,晴霁之后定是菜花盛开的好天气,宛如雨后天晴菜花开、Haruno、Nanohana、Harenochi Kitto Nanohana Biyori、雨过天晴必定花开日和、晴菜花,2014,Parasol,R18,田中 タクヤ、種村 いのり、ナツメアラシ,魚、ちこたむ、桜 はんぺん、いずみゆひな,はなちゃん、solfa、iyuna、橋咲 透、伊吹 ユキヒロ、こはるん,北見 六花、星咲 イリア、杏子 御津、春乃 いろは,easy、normal,6.3,1107,7798,否,中篇,1560,失忆,多角恋,转生/轮回,真女主,,,,,,,
できない私が、くり返す。,v15166,若能与你再次相见,时钟物语、苹果妹、Time leap,2014,AKABEiSOFT2,R18,中島 大河,秋空 もみぢ、蒼月 しのぶ,tiko-μ、Miyaji、西坂 恭平,手塚 りょうこ、藤乃 理香、花澤 さくら、葵 ゆり、星野 七海,easy、normal,7.2,1118,2467,否,长篇,1898,时间旅行,真女主,,,,,,,,,
ハロー・レディ!,v13631,淑女同萌！,ハロレ、Hello、Lady、Deny your destiny、should fly to fly,2014,Akatsuki WORKS（晓WORKS）,R18,日野 亘、衆堂 ジョオ,さえき 北都,Angel Note、Meis Clauson、井ノ原 智、椎名 俊介、BAL,遥 そら、北見 六花、桜坂 かい、水崎 来夢、梅咲 チャーリー,easy、normal,6.9,875,4304,否,长篇,2362,悬疑,战斗,超能力,阴谋,犯罪,,,,,,
アストラエアの白き永遠,v12984,星辰恋曲的白色永恒,星辰少女的白色永远、Elfin song's an unlimited expanse of white、White Eternity of AstralAir、AstralAir no Shiroki Eien、星辰少女的纯白永恒,2014,FAVORITE,R18,なかひろ、保住 圭、高山 大河,なつめ えり、司田 カズヒロ、GT、比良里、ミズタマ,はなちゃん、忍、小高 光太郎、野崎 心平,桐谷 華、小鳥居 夕花、鈴谷 まや、卯衣、桃山 いおん、桃園 にな、双葉 まりか,easy、normal,7.1,1134,2933,否,超长篇,3570,悬疑,战斗,超能力,真女主,,,,,,,
FLOWERS - Le volume sur printemps -,v14267,FLOWERS 春篇,Flowers Haru-hen、Flowers1、FLOWERS -The volume of spring-、The tale of the girls who grow with a season、Yurigure,2014,Innocent Grey,全年龄,志水 はつみ,杉菜 水姫、翡翠,MANYO,名塚 佳織、岡本 理絵、明島 ゆうり,easy、normal,7.2,1503,2517,是,中篇,1080,悬疑,多角恋,同性恋,,,,,,,,
CHAOS;CHILD,v14018,混沌子,カオスチャイルド、C、ChäoS、Child、カオチャ,2014,MAGES.,全年龄,林 直孝、谷崎 央佳、安本 亨、たきもと まさし、梅原 英司,ささき むつみ、松尾 ゆきひろ、藤田 まり子、立石 聖、東山 マキ、旭プロダクション,志倉 千代丸、阿保 剛、磯江 俊道、林 達志、大山 曜、悠木 真一、荒幡 亮平,藤原 祐規、三森 すずこ、松岡 禎丞、桐本 琢也、ブリドカット・セーラ・恵美、上坂 すみれ、種田 梨沙、仲谷 明香、水瀬 いのり,beginner、easy、normal,8.4,4615,137,是,超长篇,3375,悬疑,战斗,科幻,血腥,超能力,阴谋,犯罪,记忆篡改,疾病,,
魔女こいにっき,v14062,魔女恋爱日记,まじょこいにっき、MajoNikki,2014,Qoobrand,R18,新島 夕、博恵 夏樹、佐藤礼、藤井 リルケ、条智 涼介,ぺろ、MOZUKU、白もち 桜、小桜 りょう、狗神 煌、朝倉 はやて,古川 竜也、I've、水月 陵、樋口 秀樹、ピクセルビー、中沢 伴行、MintJam,佐本 二厘、結衣菜、楠原 ゆい、山田 ゆな、森川 ゆゆ、千葉山 もみじ、M・A・O,easy、normal,7.2,1662,2849,否,中篇,1738,悬疑,魔法,奇幻,,,,,,,,
サツコイ～悠久なる恋の歌～,v15143,杀恋～悠久流传的恋之歌,杀恋～悠久的恋爱之歌～、Satsukoi ~Yuukyuu Naru Koi no Uta~,2014,Alcot,R18,瀬尾 順,風見 春樹、あおな まさお,トライノート,有栖川 みや美、くすはら ゆい、市川 ひなこ,easy、normal,6.5,626,6815,否,中篇,647,血腥,,,,,,,,,,
フラテルニテ,v14895,友爱俱乐部,fraternite、有爱俱乐部,2014,CLOCKUP,R18,和泉 万夜、穂波 衛一、神堂 劾、昏式 龍也、Team N.G.X,はましま 薫夫、むなし むじょう、まりお、滝 美梨香、たくろう、十重 五重,NASH MUSIC LIBRARY,手塚 りょうこ、橘 まお、鶴屋 春人、藤堂 みさき、和葉、こたつ みやこ、芦久比 剥巳,easy、normal,5.6,910,10056,否,中篇,1084,血腥,犯罪,,,,,,,,,
駄作,v14922,駄作,Dasaku,2014,CYCLET,R18,桜庭 丸男,憂狐,電気式華憐音楽集団,桜 水季、鶴屋 春人、柚木 サチ、木多野 あり,easy、normal,5.9,744,9411,是,中篇,747,血腥,犯罪,同性恋,,,,,,,,
蒼の彼方のフォーリズム,v12849,苍之彼方的四重奏,Beyond the sky、into the firmament.、あおかな、Four Rhythm Across the Blue、4Rhythm、Aokana、아오카나,2014,sprite,R18,渡辺 僚一、木緒 なち、陸奥 竜介、かづや,悠木 いつか、鈴森、丹羽 ことり,I've、Elements Garden、菊田 大介、藤間 仁、藤田 淳平、上松 範康、母里 治樹、岩橋 星実、喜多 智弘、中沢 伴行、尾崎 武士、森藤 晶司、末益 涼太、藤永 龍太郎,米澤 円、福圓 美里、浅倉 杏美、山本 希望,beginner、easy、normal,7.8,4362,693,否,长篇,2655,战斗,岛屿,,,,,,,,,
ランス9 ヘルマン革命,v13802,兰斯9 赫尔曼革命,Rance 9 - The Helman Revolution -、ランスⅨ,2014,Alice Soft,R18,ぷりん、ヨイドレ・ドラゴン,織音,水夏 える、DJ C++、PKタートルズ,无配音,beginner、easy、normal,8.2,2204,199,是,超长篇,3377,战争,真女主,,,,,,,,,
恋がさくころ桜どき,v10304,恋花绽放樱飞时,Saku Saku、恋爱在樱开之时、恋爱绽放樱飞时,2014,Palette,R18,みなせ未來,eco*、和泉 つばす,BURTON、田辺 トシノ、宝野 聡史、大久保 薫,上原 あおい、夏峰 いろは、近衛 夜空、咲智 ゆん、綾部 結花,easy、normal,6.2,1091,8611,否,长篇,2640,转生/轮回,,,,,,,,,,
高考恋爱100天,v17716,,Gaokao Love 100 Days、高考恋爱100天、Gao Lian、高恋,2014,Juzi Ban,全年龄,海潮探长、炒饭,33,煉獄庭園、H/MIX GALLERY、Days乐团,霜叶、月夜桥,easy、normal,6.6,1068,5868,是,中篇,1462,国产,,,,,,,,,,
月に寄りそう乙女の作法2,v15293,近月少女的礼仪2,Tsuriotsu 2,2014,Navel,R18,東ノ助,鈴平 ひろ、西又 葵、羽純 りお、白羽 奈尾、ごろう,アッチョリケ、Arte Refact、鈴木 マサキ,遥 そら、奏雨、遠坂 リリ、野々山 紅、遥 うみ,easy、normal,6.8,1480,5121,是,长篇,2401,真女主,创作/设计题材,,,,,,,,,
紙の上の魔法使い,v15871,纸上的魔法使,Kamimaho、かみまほ、Kami no Ue no Mahoutsukai、纸魔,2014,Uguisu Kagura,R18,ルクル,桐葉、萩野 小唄,めと、神無月,御苑生 メイ、花澤 さくら、橘 まお、姫原 ゆう,beginner、easy、normal,7.8,4413,663,否,长篇,2010,魔法,转生/轮回,岛屿,记忆篡改,奇幻,,,,,,
天色＊アイルノーツ,v12167,天色幻想岛,天色Islenauts,2013,Yuzusoft,R18,J・さいろー、鏡 遊、紺野 アスタ、天宮 りつ,こぶいち、こもわた 遙華、むりりん,Angel Note、Famishin、森 まもる、井ノ原 智,夏野 こおり、桐谷 華、北見 六花、登代田 瀬良、雪都 さお梨、雪野 玉,easy、normal,6,1686,9336,否,长篇,2803,岛屿,,,,,,,,,,
大図書館の羊飼い,v8158,大图书馆的牧羊人,a good librarian like a good shepherd,2013,AUGUST,R18,榊原 拓、内田 ヒロユキ、安西 秀明,べっかんこう、脳みそホエホエ、夏野 イオ,小高 光太郎、Ceui、Active Planets、松本 慎一郎、スミイ酸、藤井 亮太、DJ SHIMAMURA、Reb、Sampling Masters MEGA,米澤 円、遥 そら、種﨑 敦美、斉藤 佑圭、山本 希望、小澤 亜李,beginner、easy、normal,7.4,2409,1600,否,长篇,2492,失忆,魔法,奇幻,,,,,,,,
君と彼女と彼女の恋。,v7738,你和她和她的恋爱。,Totono、The Love Between You、Her、and Her、토토노、你和她和她的恋爱。、君彼女、君彼,2013,NITRO+,R18,下倉 バイオ,津路 参汰,平田 博信、Franz Liszt,手塚 まき、仙道 ミツキ,beginner、easy、normal,7.4,3778,1791,否,中篇,900,时间旅行,多角恋,meta,,,,,,,,
ランス01 光をもとめて,v14022,兰斯01 寻找小光,Rance 1 Remake、Rance 01 - The Quest for Hikari,2013,Alice Soft,R18,いってんちろく、ダイス ころがし,魚介,DragonAttack、水夏 える、DJ C++,无配音,beginner、easy、normal,7,2738,3827,是,中篇,900,悬疑,战斗,奇幻,魔法,犯罪,,,,,,
虚ノ少女,v5922,虚之少女,Kara no Shoujo 2、殻2、ウロ、Uro no Shoujo、KnS2、虚少,2013,Innocent Grey,R18,鈴鹿 美弥,杉菜 水姫,MANYO,森井 花音、野月 まひる、河村 眞人、篠原 ゆみ、井村屋 ほのか、杏 花、高橋 がならない、歩 サラ、桧鶴まき、道出 翔,beginner、easy、normal,7.4,2175,1836,是,长篇,2482,悬疑,血腥,犯罪,民俗,,,,,,,
ハピメア,v10957,幸福噩梦,Hapimea、Happy Nightmare、Happy Mayor,2013,Purple software,R18,森崎 亮人,こもわた 遙華、克、月杜 尋,斎藤 悠弥、虻川 治、宝野 聡史、田中 俊裕,青山 ゆかり、青葉 りんご、遠野 そよぎ、北見 六花、風音,easy、normal,6.9,954,3996,否,长篇,2400,悬疑,梦境,,,,,,,,,
時計仕掛けのレイライン －残影の夜が明ける時－,v11093,时钟机关的Ley-line-残影之夜将明时-,A Clockwork Ley-Line -Daybreak of Remnants Shadows-,2013,Unison Shift: Blossom,R18,風間 ぼなんざ、西ノ宮 勇希、@ピース、市川 環,ぺろ、うらび、いいの,水月 陵、羽鳥 風画,白月 かなめ、有村 祥,easy、normal,7.8,1455,731,是,中篇,1080,悬疑,奇幻,魔法,转生/轮回,梦境,真女主,,,,,
魔導巧殻 ～闇の月女神は導国で詠う～,v11620,魔导巧壳,まどうこうかく やみのつきめがみはどうこくでうたう,2013,Eushully,R18,高杉 九郎、八雲 意宇、福山貴紀、箱十、平安京、飛行候補生、若葉,鳩月 つみき、やくり、みつき、よしだ たくま,有限会社 クワイア、しほり、ジル・ブラッド、ケニーK,比留間 京之介、絋川 琴音、桜川 未央、藤森 ゆき奈、四季 路、北見 六花、篠崎 双葉、冬馬 由美、巌 蝉秋、樹士 メイヤ、御田 代紺、夏川 文香、村里 琉,easy、normal,7.4,907,1699,否,超长篇,5115,战斗,奇幻,魔法,阴谋,战争,,,,,,
グリザイアの楽園,v7724,灰色的乐园,The Eden of Grisaia,2013,Frontwing,R18,藤崎 竜太、鳴海 瑛二、かづや、桑島 由一,フミオ、渡辺 明夫、ななか まい、加藤 たいら,Elements Garden、菊田 大介、藤間 仁、藤田 淳平、ピクセルビー、松本 文紀、母里 治樹、岩橋 星実、喜多 智弘、中山 真斗、￥Cuスタ平,雪見 そら、一色 ヒカル、民安 ともえ、楠 鈴音、羽仁 麗、岡村 美佳沙,easy、normal,7.8,1086,754,是,中篇,1560,战斗,科幻,犯罪,,,,,,,,
向日葵の教会と長い夏休み,v10557,向日葵的教会与长长的暑假,Himanatsu、ひまなつ、Himawari no Kyoukai to Nagai Natsuyasumi,2013,Makura,R18,J・さいろー、紺野 アスタ、藤倉 絢一、黒田 カイエ、すかぢ,硯、吉田 誠治、高苗 京鈴、狗神 煌、籠目、基4、新川 尚士、すかぢ,濱田 智之、松本 文紀,夏野 こおり、かわしま りの、雪都 さお梨、如月 葵、羽鳥 空,easy、normal,7.7,1908,931,否,长篇,2098,战斗,奇幻,夏天,民俗,乡村,,,,,,
フレラバ ～Friend to Lover～,v11856,,FL、Friend Lover、朋友恋人、FTL、Fureraba、Fureraba ～Friend to Lover～,2013,SMEE,R18,木村 ころや、モーリー、柊 晴空、早瀬 ゆう、松倉 慎二,ひなた もも、REI、あめと ゆき、かのら,Angel Note、Meis Clauson、kala、R.East、井ノ原 智、椎名 俊介,あじ 秋刀魚、東 かりん、秋野 花、水邑 琴音,beginner、easy、normal,7.8,2041,704,否,长篇,2365,,,,,,,,,,,
美少女万華鏡 -忘れな草と永遠の少女-,v11071,美少女万华镜 -勿忘草与永远的少女-,美少女万華鏡2、Biman 2,2012,ωstar,R18,吉祥寺 ドロレス,八宝備 仁,むにょっ、盛合 千鶴子、ポパン、秋山 裕和,佐倉 もも花、御苑生 メイ,beginner、easy、normal,6.8,3440,5047,是,短篇,450,梦境,,,,,,,,,,
いろとりどりのヒカリ,v10028,五彩斑斓的曙光,The Eternal Chapter In World's End Tale、Colorful Light、Irohika、光鸟鸟,2012,FAVORITE,R18,漆原 雪人,なつめ えり、司田 カズヒロ、GT、みなみ,Ceui、忍、菊地 創、小高 光太郎,藤森 ゆき奈、澤田 なつ、杏子 御津、加乃 みるく、外屋 舞美、美波 りお,easy、normal,7.7,1757,871,是,长篇,2360,奇幻,时间旅行,转生/轮回,meta,真女主,,,,,,
D.C.III ～ダ・カーポIII～,v6438,初音岛3,DC3,2012,CIRCUS,R18,たけうち こうた、雨野 智晴、望月 JET、愛羽,鷹乃 ゆき、結月 かりん、こなた、秋蕎麦、たにはら なつき、eco*、立羽、東山 マキ,桃井 はるこ、yozuca*、齋藤 真也、猫野 こめっと、tororo、rino、黒須 克彦、戸田 章世、lotta、Hiroki、kyoro、本田 宗、西脇 辰弥、キョロザワールド,新田 恵海、宮崎 羽衣、又吉 愛、桜咲 千依、藤邑 鈴香、佐々木 未来、海保 絵果,normal,7.2,237,2641,是,超长篇,3435,时间旅行,魔法,岛屿,奇幻,,,,,,,
あえて無視するキミとの未来 ～Relay broadcast～,v10803,硬要无视与你的未来,Aete Mushisuru Kimi to no Mirai ~Relay broadcast~,2012,Alcot,R18,瀬尾 順,風見 春樹、タコ焼き、あおな まさお、Riv,Angel Note、井ノ原 智、椎名 俊介,桐谷 華、北見 六花、雪都 さお梨、上田 朱音,easy、normal,7,958,3461,否,中篇,998,夏天,,,,,,,,,,
屋上の百合霊さん,v8508,屋上的百合灵,Yuri Ghosts on the Rooftop、屋上的百合幽灵同学,2012,Liar-soft,R18,桜井 光、睦月 たたら、禾 刀郷,ぺぐ,Blueberry&Yogurt、HIR,かわしま りの、高井戸 雫、金田 まひる、草柳 順子、富樫 ケイ,normal,7.4,426,1796,否,中篇,1710,夏天,同性恋,,,,,,,,,
夏空のペルセウス,v10597,夏空的英仙座,The Brave Under The Summer Sky.、夏色天空下的珀尔修斯、Natsupers、夏ペル、Natsuzora no Perseus,2012,minori,R18,御影、鏡 遊、竹田,庄名 泉石、柚子奈 ひよ、高崎 まこ,天門、柳 英一朗,楠原 ゆい、桜井 美鈴、市川 ひなこ、立花 あおい,easy、normal,6.3,1303,7896,否,中篇,729,夏天,转生/轮回,乡村,真女主,,,,,,,
創刻のアテリアル,v8424,创刻的动脉,创刻,2012,Eushully,R18,八雲 意宇、箱十、平安京、飛行候補生、若葉,鳩月 つみき、やくり、みつき,有限会社 クワイア、ケニーK,かわしま りの、伊東 サラ、佐々 留美子、青葉 りんご、有栖川 みや美、金田 まひる、篠原 ゆみ、水霧 けいと、岩田 由貴,easy、normal,6.9,525,4079,否,超长篇,5820,悬疑,战斗,科幻,超能力,,,,,,,
ファタモルガーナの館,v12402,海市蜃楼之馆,ファタモル、fata馆,2012,NOVECT,全年龄,縹 けいか,靄太郎,堤 裕介、守屋 昂生、アイカワ ラズナ、がお、Mellok'n,瀬戸 麻沙美,beginner、easy、normal,8.4,2999,131,是,长篇,2100,悬疑,失忆,转生/轮回,犯罪,民俗,宅邸,,,,,
この大空に、翼をひろげて,v9093,在这苍穹展翅,Extend the little wings which fly in this sky highly、Konosora、IMHHW、Konoaobasa、Korogete、코노소라、If My Heart Had Wings、在这广阔的天空下展翅吧,2012,PULLTOP,R18,平松 正樹、七烏未 奏、紺野 アスタ、奥田 港,田口 まこと、八島 タカヒロ、基井 あゆむ、Yow、塩澤 良憲,ツーファイブ、おおくま けんいち,有栖川 みや美、五行 なずな、星咲 イリア、雪都 さお梨、萌花ちょこ,easy、normal,7.3,800,2023,否,长篇,2760,悬疑,夏天,多角恋,创作/设计题材,,,,,,,
はつゆきさくら,v7302,初雪樱,White Graduation、Hatsusaku、はつさく、Hatsuyuki Sakura,2012,SAGA PLANETS,R18,新島 夕,ほんたにかなえ、とらのすけ、ちまろ、有末 つかさ、小桜 りょう,I've、水月 陵、ピクセルビー、竹下 智博、川崎 海、八木沼 悟志、高瀬 一矢、中沢 伴行、尾崎 武士,桐谷 華、杏子 御津、山羽 みんと、佐本 二厘、七原 ことみ、涼屋 スイ,beginner、easy、normal,7.4,3151,1582,是,中篇,1774,悬疑,奇幻,民俗,雪,真女主,,,,,,
スーパーダンガンロンパ2 さよなら絶望学園,v7679,超级弹丸论破2 再见了绝望学园,Danganronpa 2、Super Danganronpa 2、SDR2,2012,Spike Chunsoft,全年龄,小高 和剛,小松崎 類,高田 雅史,石田 彰、岸尾 だいすけ、花澤 香菜、小林 ゆう、細谷 佳正、杉田 智和、安元 洋貴、福山 潤、緒方 恵美、高山 みなみ、小清水 亜美、朴 璐美、三石 琴乃、三森 すずこ、荒川 美穂、茅野 愛衣,beginner、easy、normal,8.5,4979,98,是,长篇,2400,悬疑,科幻,失忆,岛屿,犯罪,记忆篡改,,,,,
はるまで、くるる。,v9198,春开，意遥遥。,HaruKuru、Spring has come true?、はるくる、直到春天到来。、轮转至此、待春临。、春日远遥遥、春滚滚,2012,Sumikko Soft,R18,渡辺 僚一,笹井 さじ、師走 ほりお,SHIM、電気、mo2,かわしま りの、青葉 りんご、芹園 みや、竹岡 美柳,easy、normal,7.4,681,1808,是,中篇,1290,悬疑,科幻,失忆,时间旅行,多角恋,末日,,,,,
時計仕掛けのレイライン -黄昏時の境界線-,v10016,时钟机关的Ley-line-黄昏时刻的境界线-,A Clockwork Ley-Line: The Borderline of Dusk,2012,Unison Shift: Blossom,R18,風間 ぼなんざ、西ノ宮 勇希、@ピース、市川 環,ぺろ、うらび、きちえも,水月 陵、羽鳥 風画,かわしま りの、古河 徹人、森谷 実園、門倉 宗一、萌花ちょこ,easy、normal,6.7,1541,5604,是,中篇,1020,悬疑,魔法,真女主,奇幻,,,,,,,
月に寄りそう乙女の作法,v10680,近月少女的礼仪,つり乙、Tsuriotsu,2012,Navel,R18,王 雀孫、森林 彬、東ノ助、真紀士,鈴平 ひろ、西又 葵、羽純 りお、ごろう,アッチョリケ、Arte Refact,小野 涼子、咲乃 藍里、吉田 真弓、大橋 歩夕、中村 繪里子,beginner、easy、normal,7.6,5211,1004,是,长篇,2276,宅邸,创作/设计题材,,,,,,,,,
グリザイアの迷宮,v7723,灰色的迷宫,Grisaia no Meikyuu -Le Labyrinthe de la Grisaia-、The Labyrinth of Grisaia,2012,Frontwing,R18,藤崎 竜太、木緒 なち、鳴海 瑛二、かづや、桑島 由一,フミオ、INO、渡辺 明夫、ななか まい、加藤 たいら,Elements Garden、菊田 大介、藤間 仁、藤田 淳平、母里 治樹、岩橋 星実、喜多 智弘、中山 真斗、￥Cuスタ平,雪見 そら、一色 ヒカル、民安 ともえ、かわしま りの、楠 鈴音、羽仁 麗、青山 ゆかり、岡村 美佳沙,easy、normal,7.6,1009,1021,是,中篇,1740,战斗,战争,,,,,,,,,
黄雷のガクトゥーン～What a shining braves～,v11033,黄雷的伽克苏恩～何等闪耀的勇气～,Ourai no N'gah-Kthun、黄雷的伽克苏恩,2012,Liar-soft,R18,桜井 光,千枚葉,Blueberry&Yogurt,一色 ヒカル、かわしま りの、桜川 未央、野月 まひる、古河 徹人、杉原 茉莉、ますおか ゆうじ,normal,7.2,250,2427,是,中篇,1500,战斗,超能力,阴谋,岛屿,,,,,,,
魔法使いの夜,v777,魔法使之夜,Mahoyo,2012,TYPE-MOON,全年龄,奈須 きのこ,武内 崇、こやま ひろかず、加藤 たいら、ゆうろ、下越、WINFANWORKS,KATE、hil、深澤 秀行、ryo、James Harris、Antonio Vivaldi,花澤 香菜、戸松 遥、安済 知佳、小林 裕介、深町 寿成,beginner、easy、normal,8.6,7025,53,是,长篇,1800,战斗,时间旅行,魔法,宅邸,奇幻,,,,,,
DRACU-RIOT!,v8213,,ドラクリオット,2012,Yuzusoft,R18,J・さいろー、天宮 りつ、姫ノ木 あく,こぶいち、こもわた 遙華、むりりん,Angel Note、Famishin、井ノ原 智,夏野 こおり、佐藤 しずく、鈴木 恵莉央、鮎川 ひなた,beginner、easy、normal,7,2617,3851,否,长篇,2700,战斗,奇幻,魔法,岛屿,,,,,,,
ルートダブル -Before Crime * After Days-,v5000,Root Double -Before Crime * After Days-,√W、Root W、ビフォークライム アフターデイズ,2012,Regista,全年龄,中澤 工、月島 総記、月島 トラ、日向 もやし、高木 聖子,みけおう、ことるり。、おおたか 鳴海、わだぺん。,佐藤 拓馬、矢鴇 つかさ,真堂 圭、友永 朱音、今井 麻美、佐藤 利奈、大川 透、豊口 めぐみ、市来 光弘、新垣 樽助、名塚 佳織,easy、normal,7.7,565,920,否,超长篇,3300,悬疑,科幻,失忆,夏天,超能力,记忆篡改,,,,,
妹調教日記～こんなツンデレが俺の妹なわけない！～,v9303,妹调教日记,妹调教日记~这么傲娇不可能是我的妹妹~、妹调,2011,NANACAN,R18,鳴海 瑛二、ななか まい,ななか まい,SENTIVE、ジョルト 宮田、S、ぱん、平 綾,桃華 れん,beginner、easy、normal,4.8,2321,10481,否,短篇,416,单女主,,,,,,,,,,
恋愛0キロメートル,v6714,恋爱0公里,Zerokiro、renzero、恋0、恋零,2011,ASa Project,R18,企画屋、天都、十 全、廣瀬 一貴,夕凪 セシナ、柊 暁生、たかへろ、ぱん太,桃井 はるこ、古川 竜也、山下 航生、rian,田村 ゆかり、種﨑 敦美、桃井 はるこ、岡嶋 妙、小野 涼子、清水 愛、吉田 真弓、鈴谷 まや、阿澄 佳奈,easy、normal,6.9,1007,4445,否,中篇,1131,多角恋,meta,,,,,,,,,
WHITE ALBUM2 -closing chapter-,v7771,白色相簿2 终章,ホワイトアルバム2、WHITE ALBUM2 -c.c.-、WA2 CC,2011,Leaf/AQUAPLUS,R18,丸戸 史明、企画屋,なかむら たけし、みつみ 美里、甘露 樹、水野 早桜、木村 隆夫、桂 憲一郎、甘味 みきひろ、金丸,石川 真也、松岡 純也、中上 和英、下川 直哉、藤間 仁、上松 範康、衣笠 道雄、M.I.S.N、光田 英生,水島 大宙、羽吹 梨里、浅川 悠、米澤 円、生天目 仁美、永田 依子,beginner、easy、normal,9.1,7073,6,是,超长篇,4800,多角恋,雪,音乐主题,,,,,,,,
大帝国,v3066,大帝国,,2011,Alice Soft,R18,HIRO、イマーム、とり、ふみゃ、ヨイドレ・ドラゴン、Flypaper,織音、MIN-NARAKEN、むつみ まさと、おにぎりくん、K、月餅、えび ちり,Shade、HIRO、水夏 える,胸肩 腎、一条 和矢、東 かりん、澄白 キヨカ、まき いづみ、彩世 ゆう、草柳 順子、雪村 とあ、青井 美海、柚木 サチ、高槻 つばさ、小次狼、こんつ、風見 健,easy、normal,6.8,721,4824,是,超长篇,3007,犯罪,战争,,,,,,,,,
美少女万華鏡 -呪われし伝説の少女-,v8038,美少女万华镜 -被诅咒的传说少女-,美少女万華鏡1、Biman、Bishoujo Mangekyou: A Girl's Cursed Legend,2011,ωstar,R18,吉祥寺 ドロレス,八宝備 仁,むにょっ、盛合 千鶴子、ポパン、秋山 裕和,青空 ラムネ,beginner、easy、normal,6.9,4588,4316,是,短篇,375,梦境,宅邸,单女主,,,,,,,,
ランス・クエスト,v6985,兰斯8,Rance8、RanceVIII、Rance quest,2011,Alice Soft,R18,イマーム、ふみゃ、よーいちろー、ヨイドレ・ドラゴン,織音,Shade、水夏 える,无配音,easy、normal,7.4,1687,1706,是,超长篇,4494,奇幻,魔法,,,,,,,,,
いろとりどりのセカイ,v5834,五彩斑斓的世界,Colorful World、Irotoridori No Sekai - The Colorful World、色鸟鸟,2011,FAVORITE,R18,漆原 雪人,なつめ えり、司田 カズヒロ、GT,忍、菊地 創、WACHA,藤森 ゆき奈、澤田 なつ、杏子 御津、加乃 みるく、外屋 舞美,beginner、easy、normal,7.4,2482,1756,是,长篇,2730,奇幻,失忆,夏天,末日,梦境,真女主,,,,,
女装山脈,v6589,女装山脉,3myaku,2011,Nounai Kanojo,R18,西田 一、芳井 一,あおぎり ぺんた,磯村 カイ,民安 ともえ、小倉 結衣、鈴宮 まい,easy、normal,6.1,1232,9023,否,中篇,600,乡村,,,,,,,,,,
euphoria,v6540,,ユーフォリア,2011,CLOCKUP,R18,和泉 万夜、浅生 詠,はましま 薫夫,上原 一之龍,御苑生 メイ、このは、ヒマリ、青空 ラムネ、杉原 茉莉,beginner、easy、normal,7.1,3522,2913,否,长篇,1888,悬疑,科幻,失忆,血腥,犯罪,记忆篡改,梦境,真女主,,,
穢翼のユースティア,v3770,秽翼的尤斯蒂娅,Aiyoku no Eustia、脏翅膀,2011,AUGUST,R18,榊原 拓、内田 ヒロユキ、安西 秀明,べっかんこう、北川 由貴、ゆうろ,Ceui、小高 光太郎、スミイ酸、藤井 亮太、Thomas Bianco,桐谷 華、沖野 靖広、大石 恵三、遠野 そよぎ、篠宮 聖美、森保 しほ、橘 桜、海老原 柚葉,beginner、easy、normal,8.3,7949,153,否,长篇,2426,战斗,奇幻,阴谋,末日,犯罪,战争,真女主,疾病,,,
グリザイアの果実,v5154,灰色的果实,グリカジ、gurikaji、Grikaji、Gray Scale、World's end、Le Fruit De La Grisaia、The Fruit of Grisaia、灰果,2011,Frontwing,R18,藤崎 竜太、木緒 なち、鳴海 瑛二、かづや、桑島 由一,フミオ、渡辺 明夫、ななか まい、加藤 たいら,Elements Garden、菊田 大介、藤間 仁、藤田 淳平、菊地 創、母里 治樹、中山 真斗、￥Cuスタ平,雪見 そら、一色 ヒカル、民安 ともえ、羽仁 麗、岡村 美佳沙,easy、normal,7.7,1480,873,是,超长篇,4610,战斗,夏天,犯罪,,,,,,,,
Rewrite,v751,,リライト、Riraito、罚抄,2011,Key,全年龄,田中 ロミオ、竜騎士07、都乃河 勇人,樋上 いたる、氏河 凌宇,MANYO、麻枝 准、折戸 伸治、水月 陵、塚越 雄一朗、細井 聡司、井内 舞子、YOFFY、三輪 学、a2c、MintJam、森藤 晶司、ANANT-GARDE EYES、大石 憲一郎,森田 成一、喜多村 英梨、すずき けいこ、斎藤 千和、朝樹 りさ、篠宮 沙弥,beginner、easy、normal,8.6,5214,59,否,超长篇,4620,战斗,奇幻,失忆,超能力,魔法,末日,民俗,,,,
無限煉姦～恥辱にまみれし不死姫の輪舞～,v8311,无限炼奸 ~不死舞姬的凌辱轮舞曲~,Eternal Purgatory、无限炼奸,2011,Liquid,R18,和泉 万夜,黒石 りんご,上原 一之龍,香澄 りょう、三郷 綾夢、倉田 まりや、葵 時緒,easy、normal,7.5,1311,1401,否,中篇,1230,战斗,奇幻,时间旅行,,,,,,,,
LOVELY×CATION,v6682,,ＬＯＶＥＬＹ×Ｃ∧ＴＩＯＮ、ラブリ×ケーション、Start of daydream that continues through all eternity、L×C,2011,Akatsuki WORKS（晓WORKS）,R18,insider,唯々月 たすく,mo2,榊原 ゆい、まき いづみ、瀬良木 若菜、愛原 ちづる、海乃 奏多,easy、normal,6.7,987,5633,否,中篇,1370,,,,,,,,,,,
誰が殺したコマドリを,v8436,谁杀死了知更鸟,Qui a tué Cock Robin、Who killed the robin?、是谁杀死了知更鸟,2011,Smile Senki,R18,瑞守 ねおん、かほく 麻緒,翠燕,アメディオ,一色 ヒカル、飯田 空,easy、normal,5,1109,10424,否,短篇,270,同性恋,,,,,,,,,,
コープスパーティー Book of Shadows,v7849,尸体派对 影之书,CP BS、CoPa BoS,2011,MAGES.,全年龄,やまだ 有見、祁答院 慎、関根 聡子、池端 亮、神城 咲弥、恵莉 ひなこ,Nino、祁答院 慎、神城 咲弥、匿名ヒーロー,濱本 麻央、濱田 智之,Mako,normal,7.1,377,3162,是,中篇,1310,悬疑,奇幻,血腥/血浆,时间旅行,异次元/平行世界,凶杀,民俗,,,,
リアル妹がいる大泉くんのばあい,v3746,实妹相伴的大泉君,Riaimo、Real Imouto gairu Ooizumikun no Baai,2010,Alcot,R18,おるごぅる,風見 春樹、タコ焼き、あおな まさお,Angel Note、神代 あみ、森 まもる、椎名 俊介、BAL,遠野 そよぎ、日向 苺、氷川 めぐみ,easy、normal,7.1,1695,3203,否,中篇,600,meta,,,,,,,,,,
星空へ架かる橋,v2968,架向星空之桥,Hoshikaka、A Bridge to the Starry Skies,2010,feng,R18,あくまっこ、柊★たくみ,涼香、有河 サトル、獏プロダクション、なちゅらるとん、鶴崎 貴大、ぞうあざらし,藤間 仁、藤田 淳平、上松 範康、大久保 薫,青葉 りんご、桃井 いちご、いすず あすか、森谷 実園、鈴木 らん,easy、normal,6.4,822,7279,是,长篇,2475,meta,乡村,,,,,,,,,
沖縄スレイブアイランド,v7691,冲绳奴隶岛,冲绳萝莉岛、重生萝莉岛,2010,Underground Campaign,R18,とりきくーや,藤本 郷,まっつぁん,无配音,normal,3,408,10551,否,中篇,600,岛屿,同性恋,,,,,,,,,
WHITE ALBUM2 -introductory chapter-,v7771,白色相簿2 序章,ホワイトアルバム2、WHITE ALBUM2 -i.c.-、WA2ic,2010,Leaf/AQUAPLUS,R18,丸戸 史明、企画屋,なかむら たけし、みつみ 美里、甘露 樹、水野 早桜、木村 隆夫、桂 憲一郎、甘味 みきひろ、金丸,石川 真也、松岡 純也、中上 和英、下川 直哉、藤間 仁、上松 範康、衣笠 道雄、M.I.S.N、光田 英生,水島 大宙、羽吹 梨里、浅川 悠、米澤 円、生天目 仁美、永田 依子,beginner、easy、normal,8.2,5757,235,是,超长篇,4800,多角恋,雪,音乐主题,,,,,,,,
恋と選挙とチョコレート,v4028,恋爱和选举和巧克力,恋チョコ、Koi to Senkyo to Chocolate - Love、Election and Chocolate、恋爱与选举与巧克力,2010,sprite,R18,高瀬 伸、森の瞳、なたけ、田中 一郎、堅木 功、藤井 和敏,春夏冬 ゆう,I've、Elements Garden、一色 由比、菊田 大介、藤間 仁、藤田 淳平、上松 範康、小高 光太郎、母里 治樹、中沢 伴行、中山 真斗,鳴坂 ありす、桃井 穂美、杏子 御津、井ノ原 理子、小夏 スミレ、杜若 桔梗,easy、normal,6.5,1033,6782,否,长篇,2100,多角恋,真女主,,,,,,,,,
黄昏のシンセミア,v3938,黄昏的禁忌之药,Sinsemia、Shinsemia、Shinsemilla,2010,Applique,R18,桐月,オダワラハコネ,伊福部 武史、Angel Note、鷹石 しのぶ、しほり、kala、森 まもる、井ノ原 智,夏野 こおり、青山 ゆかり、平山 紗弥、芹園 みや,beginner、easy、normal,7.5,2101,1451,否,长篇,2625,悬疑,夏天,民俗,乡村,,,,,,,
素晴らしき日々～不連続存在～,v3144,美好的每一天 ～不连续的存在～,SubaHibi、すば日々、すばひび、素晴日,2010,KeroQ,R18,SCA-自、文音、藤倉 絢一,SCA-自、基4%、硯、karory、吉田 誠治、籠目、新川 尚士,ピクセルビー、szak、ryo、H.B STUDIO、Erik Satie,かわしま りの、北都 南、小倉 結衣、成瀬 未亜、西田 こむぎ、如月 葵、佐山 森、夏村 伊介、涼屋 スイ,beginner、easy、normal,8.7,8462,36,是,超长篇,3096,悬疑,电波,血腥,夏天,meta,超现实,,,,,
星空のメモリア -Wish upon a shooting star-,v1474,星空的记忆 -Wish upon a shooting star,Hoshizora no Memoria -Wish upon a Shooting Star-、星空的记忆,2009,FAVORITE,R18,なかひろ,司田 カズヒロ、GT、ミズタマ,忍、新垣 トシオ、WACHA、Gakkie,楠 鈴音、藤森 ゆき奈、東 かりん、杏子 御津、佐本 二厘、宮沢 ゆあな、みなづき 蓮,easy、normal,7.8,1774,741,否,超长篇,3412,奇幻,失忆,民俗,梦境,,,,,,,
Flyable Heart,v1179,,The future has already begun.、フライアブルハート、飞翔的心,2009,Unison Shift: Blossom,R18,あごバリア、風間 ぼなんざ、@ピース、神野 正樹、市川 環,いとう のいぢ、ぺろ、笹倉 綾人,水月 陵,茶谷 やすら、遠野 そよぎ、涼森 ちさと、宮沢 ゆあな,easy、normal,6.9,596,3987,否,长篇,2145,失忆,时间旅行,真女主,,,,,,,,
夏ノ雨,v1898,夏之雨,Summer Rain、姐之雨,2009,CUBE,R18,紺野 アスタ、皆本 あいる,カントク、兼清 みわ,安瀬 聖、Peak A Soul+,澤田 なつ、さくら はづき、佐本 二厘、二葉 みんと,easy、normal,6.9,677,4154,否,中篇,1534,夏天,,,,,,,,,,
ハルカナソラ,v1899,悠之空,HnS、ヨスガノソラ Fun Disk、Yosuga no Sora Fandisk,2009,Sphere,R18,太刀風 雪路、なつかぜ かおる、朝倉 誠理,鈴平 ひろ、橋本 タカシ,Duca、Manack,白波 遥、一色 ヒカル、姫川 あいり,easy、normal,6.5,1605,6756,否,中篇,900,乡村,单女主,,,,,,,,,
うみねこのなく頃に散,v2153,海猫鸣泣之时散,When They Cry 4、When the Seagulls Cry Breakdown,2009,07th Expansion,全年龄,竜騎士07,FFC、江草 天仁、竜騎士07,志倉 千代丸、悠木 真一、dai、zts、志方 あきこ、上野 浩司、pre-holder、ラック眼力、xaki、-45、M.Zakky、CAP、さゆり,沢城 みゆき、小野 大輔、桑谷 夏子,easy、normal,8.6,1464,51,是,超长篇,4275,悬疑,奇幻,血腥,魔法,宅邸,犯罪,岛屿,,,,
クロウカシス 七憑キノ贄,v2626,白雪～七凭之祭～,,2009,Innocent Grey,R18,鈴鹿 美弥,杉菜 水姫,MANYO,あじ 秋刀魚、葉村 夏緒、秋城 柚月、かわしま りの、高井戸 雫、優稀 澪,easy、normal,5.9,584,9346,否,中篇,900,悬疑,血腥,犯罪,宅邸,雪,,,,,,
STEINS;GATE,v2002,命运石之门,シュタインズゲート、S、G、石头门,2009,NITRO+、MAGES.,全年龄,林 直孝、下倉 バイオ、谷崎 央佳,天空 のぞら、huke、石井 久雄、樋口 聡一、みんめい,志倉 千代丸、磯江 俊道、林 達志、オオバ コウスケ、阿保 剛、AKIRASTAR、DJ SADOI,田村 ゆかり、花澤 香菜、今井 麻美、宮野 真守、後藤 沙緒里、小林 ゆう、桃井 はるこ、関 智一,beginner、easy、normal,8.9,8387,11,是,长篇,2625,悬疑,科幻,时间旅行,夏天,阴谋,犯罪,真女主,,,,
きっと、澄みわたる朝色よりも、,v1483,从晴朗的朝色泛起之际开始,Asairo、Kissumi,2009,propeller,R18,朱門 優,やすゆき、ヨダ,樋口 秀樹,青山 ゆかり、有栖川 みや美、木島 宇太、さくら はづき、真中 海,easy、normal,7.5,1168,1324,否,长篇,1905,悬疑,转生/轮回,民俗,真女主,,,,,,,
ナツユメナギサ,v1755,夏梦渚,Natsunagi、ナツナギ、Natsuyume Nagisa,2009,SAGA PLANETS,R18,新島 夕、なたけ、木之本 みけ、若林 浩太郎、若瀬 諒、姫ノ木 あく、藤井 リルケ,せせな やう、ほんたにかなえ、有末 つかさ、小桜 りょう,I've、中沢 伴行、尾崎 武士、藤宮 圭、メビウスワン,青山 ゆかり、美月、佐本 二厘、田中 美智、植原 なぎさ,easy、normal,7.4,593,1826,是,中篇,1365,悬疑,失忆,时间旅行,夏天,岛屿,meta,梦境,,,,
"BALDR SKY Dive2 ""RECORDARE""",v1913,,バルドスカイ ダイブ2 レコルダーレ、BSD2、Baldrsky 2,2009,GIGA,R18,卑影 ムラサキ、企画屋,菊池 政治、鈴弥 ねね,Little Wing、I've、Barbarian On The Groove、SHIM、C.G Mix、尾崎 武士,さくら はづき、神村 ひな、岩田 由貴、山下 一真,beginner、easy、normal,8.8,3197,23,是,超长篇,3540,战斗,科幻,失忆,阴谋,末日,机甲,战争,真女主,,,
"BALDR SKY Dive1 ""LostMemory""",v1306,,バルドスカイ ダイブ1 ロストメモリー、BSD1、Baldrsky 1,2009,GIGA,R18,卑影 ムラサキ、企画屋,菊池 政治、鈴弥 ねね,Little Wing、Barbarian On The Groove、SHIM、C.G Mix、mo2,安玖深 音、井村屋 ほのか、山下 一真、神谷 奈央,beginner、easy、normal,8.4,3120,114,是,超长篇,3000,战斗,科幻,失忆,阴谋,末日,机甲,战争,,,,
"eden* They were only two, on the planet.",v1286,,eden*、Eden,2009,minori,R18,鏡 遊,KIMちー、ちこたむ,天門、柳 英一朗,志村 由美、後藤 麻衣、間島 淳司、中島 裕美子、中村 繪里子、船橋 まい,beginner、easy、normal,7.9,5535,600,否,中篇,600,战斗,科幻,末日,真女主,,,,,,,
装甲悪鬼村正,v2016,装甲恶鬼村正,FullMetal Daemon Muramasa、Full Metal Daemon Muramasa、FMD Muramasa、Armored Demon Muramasa、村正、Muramasa,2009,NITRO+,R18,奈良原 一鉄,なまにくATK,ジズ,石川 ゆうすけ、海原 エレナ、氷河流、金田 まひる、吉川 華生、須本 綾奈、祭大!、葵 海人、深川 緑,beginner、easy、normal,8.6,4363,45,否,超长篇,4440,战斗,奇幻,阴谋,末日,犯罪,机甲,战争,民俗,,,
俺たちに翼はない,v1141,我们没有翅膀,おれつば、Oretsuba、We Don't Have Wings、We Without Wings,2009,Navel,R18,王 雀孫、東ノ助,西又 葵、たけぽん、ごろう,アッチョリケ、堀江 晶太,沢村 かすみ、たなか りお、遠野 そよぎ、五行 なずな、泉 菊之介、川椰 珱、縦溝 精史、籐野 らん、森谷 実園、みなせがわ ゆい,easy、normal,8.3,986,179,是,超长篇,3645,咖啡厅,,,,,,,,,,
ましろ色シンフォニー -Love is Pure White-,v1552,纯白交响曲,Love is pure white、Mashifoni、ましフォニー,2009,Palette,R18,おるごぅる、北川 晴、保住 圭、ん。,和泉 つばす、いも、たまひよ、Mi+、草薙,BURTON、田辺 トシノ、大久保 薫,田口 宏子、壱智村 小真、小野 涼子、後藤 麻衣、力丸 乃りこ、吉田 真弓,beginner、easy、normal,7.2,2086,2862,否,长篇,2075,,,,,,,,,,,
天神乱漫 -LUCKY or UNLUCKY!?-,v1322,天神乱漫 -LUCKY or UNLUCKY!?-,天神乱漫 LUCKY or UNLUCKY!?,2009,Yuzusoft,R18,北川 晴、天宮 りつ,こぶいち、むりりん、セレビィ 量産型,Angel Note、Famishin、神代 あみ、井ノ原 智、椎名 俊介,田口 宏子、ゆかな、岡嶋 妙、後藤 麻衣、成瀬 未亜、伊藤 静、佐本 二厘,easy、normal,6.8,1795,5201,否,长篇,2609,民俗,真女主,,,,,,,,,
FORTUNE ARTERIAL,v87,,fa、フォアテリ、フォーチュンアテリアル,2008,AUGUST,R18,榊原 拓、内田 ヒロユキ、安西 秀明、岡田 留奈,べっかんこう、脳みそホエホエ、北川 由貴、ゆうろ,Active Planets、スミイ酸、DJ SHIMAMURA、NOIZ'nGIRL、qurter、池田 智宣,鷹月 さくら、楠 鈴音、雛見 風香、観村 咲子、姫川 あいり,easy、normal,7,825,3488,否,长篇,2070,岛屿,失忆,奇幻,,,,,,,,
暁の護衛,v629,晓之护卫,AkaGoei、Guard of Daybreak、曉之護衛,2008,Syangrila,R18,衣笠 彰梧,トモセ シュンサク,志倉 千代丸、伊福部 武史、Angel Note、椎名 俊介,大波 こなみ、榊原 ゆい、成瀬 未亜、如月 葵、大花 どん,easy、normal,6.9,1415,4078,是,中篇,1547,反乌托邦,,,,,,,,,,
ヨスガノソラ,v1194,缘之空,In Solitude、Where We are Least Alone.、Yosusora,2008,Sphere,R18,田中 タクヤ、太刀風 雪路、朝倉 誠理,鈴平 ひろ、橋本 タカシ,折倉 俊則、Manack,白波 遥、遠野 そよぎ、五行 なずな、木村 あやか、月城 真菜,beginner、easy、normal,7,3878,3513,否,中篇,1744,民俗,乡村,,,,,,,,,
戦女神ZERO,v768,战女神ZERO,Battle Goddess Episode 0、BG0、IMZ,2008,Eushully,R18,矢田 影見、松江 旺來、高杉 九郎、若葉 祥慶,鳩月 つみき,有限会社 クワイア,かわしま りの、芹園 みや、富樫 ケイ、知七,easy、normal,8.2,680,257,是,超长篇,3570,奇幻,失忆,,,,,,,,,
夏空カナタ,v701,夏空彼方,Beyond the Summer Sky、Natuzora Kanata、Natsukana、夏カナ,2008,Yuzusoft,R18,玉沢 円、天宮 りつ,こぶいち、むりりん,伊福部 武史、Famishin、kala、森 まもる、Saki,夏野 こおり、みる、成瀬 未亜,easy、normal,7.2,1375,2547,是,中篇,1125,奇幻,失忆,夏天,岛屿,民俗,真女主,咖啡厅,,,,
G線上の魔王,v211,G弦上的魔王,G弦、G-senjou no Maou、The Devil on G-String,2008,AKABEiSOFT2,R18,るーすぼーい,有葉,志倉 千代丸、tiko-μ、藤田 淳平、磯江 俊道,かわしま りの、海原 エレナ、ほうでん亭 らっぱ、金田 まひる、河合 春華、紫華 すみれ,beginner、easy、normal,7.8,4535,614,否,长篇,2112,悬疑,阴谋,犯罪,真女主,,,,,,,
るいは智を呼ぶ,v776,智以泪聚,るい智、ruitomo,2008,Akatsuki WORKS（晓WORKS）,R18,日野 亘、衆堂 ジョオ,みずき 佑真、さえき 北都、獏プロダクション,Angel Note、佐々倉 マコト、tiko-μ、井ノ原 智、椎名 俊介,鷹月 さくら、小手島 ひばり、有栖川 みや美、佐本 二厘、桜坂 かい、天乃 そら、水鏡,easy、normal,7.5,499,1440,否,长篇,2486,悬疑,奇幻,超能力,民俗,同性恋,,,,,,
媚肉の香り～ネトリネトラレヤリヤラレ～,v470,媚肉之香,,2008,elf,R18,土天 冥海,市川 小紗、小林 勝寿,平林 征児、MaRBiN、Sinn.planet,奥田 香織、本山 美奈、三園 あすか、星川 未流来,beginner、easy、normal,7.9,2906,523,否,中篇,1200,悬疑,宅邸,,,,,,,,,
殻ノ少女,v810,壳之少女,Girl in the Shell、Kara no Shoujo - The First Episode、KnS1、壳少,2008,Innocent Grey,R18,鈴鹿 美弥,杉菜 水姫,MANYO,あじ 秋刀魚、葉村 夏緒、吉田 美海、日向 葵、かわしま りの、滝沢 アツヤ、髭内 悪太,beginner、easy、normal,7.6,3645,1202,是,中篇,1560,悬疑,血腥,犯罪,,,,,,,,
12RIVEN -the Ψcliminal of integral-,v247,12R跳跃的时空,12Riven: The Psi-Climinal of Integral,2008,KID,全年龄,林 直孝、打越 鋼太郎、若林 健、松川 しゅうさく、武田正憲,滝川 悠、ぼみ、相澤 こたろー、長坂 寛治,沢村 竣、上野 浩司、志倉 千代丸、阿保 剛、濱田 智之,諏訪部 順一、高橋 直純、小林 ゆう、佐藤 利奈、清水 愛、松風 雅也、大塚 明夫、野中 藍、木川 絵理子、中村 俊洋,normal,7,405,3825,是,中篇,1522,悬疑,战斗,科幻,时间旅行,超能力,末日,记忆篡改,单女主,,,
11eyes -罪と罰と贖いの少女-,v729,11eyes -罪与罚与赎的少女-,Sin、Damnation and the Atonement Girl,2008,Lass,R18,LEGIOん、剣技 マナ,よう太、ちこたむ、鳴海 ゆう、Kengou、萩原音泉、小沢 悠、ぞうあざらし,坂本 昌一郎、塩田 幸成、細江 慎治、Tatsh、黒瀬 圭亮、清水 永之,浅川 悠、小野 大輔、壱智村 小真、森久保 祥太郎、後藤 麻衣、力丸 乃りこ、萩原 えみこ,easy、normal,7.2,1354,2564,是,长篇,2826,悬疑,战斗,奇幻,失忆,魔法,转生/轮回,末日,梦境,,,
CHAOS;HEAD,v382,混沌头,ChäoS、HEAd、C、H、カオスヘッド、カオヘ,2008,NITRO+、MAGES.,全年龄,林 直孝,ささき むつみ、松尾 ゆきひろ、輿水 隆之、池田 靖宏,志倉 千代丸、阿保 剛、磯江 俊道、林 達志、大山 曜、神保 伸太郎、5zizz,吉野 裕行、喜多村 英梨、生天目 仁美、辻 あゆみ、榊原 ゆい、宮崎 羽衣、たかはし 智秋,beginner、easy、normal,6.9,2305,4161,否,中篇,1660,悬疑,战斗,科幻,血腥,阴谋,犯罪,meta,电波,,,
世界でいちばんNG（だめ）な恋,v415,世界上最NG的恋爱,NG恋、世界で一番NGな恋、世界でいちばんだめな恋、Sekai de Ichiban NG na Koi、The World's Most Forbidden Love、DameKoi、SekaiDame、世界でいちばんNGな恋,2007,HERMIT,R18,丸戸 史明、企画屋,みこし まつり、鳥取 砂丘,片霧 烈火、ロドリゲス のぶ、如月 まさと,夏野 こおり、一色 ヒカル、榊原 ゆい、風音、先割れ丼、芝原 のぞみ,easy、normal,7.5,774,1310,否,中篇,1500,多角恋,真女主,,,,,,,,,
ひまわり -Pebble in the Sky-,v210,向日葵：天空鹅卵石,Himawari - The Sunflower -、ひまわり -Pebble in the Sky-,2007,Blank Note,R18,ごぉ,空中 幼彩、イチリ、たつきち,菊地 創、dai、SENTIVE、chica、竹中 敬一、如月 秋祐、煉獄庭園、プロパンモード、SAM Free Music,川澄 綾子、田村 ゆかり、保志 総一朗、野中 藍,easy、normal,7.7,530,826,否,长篇,2460,科幻,失忆,多角恋,阴谋,记忆篡改,,,,,,
キラ☆キラ,v414,KIRA☆KIRA 煌煌舞台,KiraKira,2007,OVERDRIVE,R18,瀬戸口 廉也,片倉 真二,milktub、ms-jacky、一番星 ☆光、Quality,瑞沢 渓、浜田 賢二、泰 勇気、中村 知子、小島 めぐみ,beginner、easy、normal,8.4,2471,109,否,长篇,1800,夏天,音乐主题,真女主,,,,,,,,
narcissu SIDE 2nd,v70,水仙2,水仙2,2007,Stage-nana,R18,片岡 とも,司 ゆうき、ごとP,水月 陵、Barbarian On The Groove、猫野 こめっと、SENTIVE、ebi、MASA、石橋 弘史、onoken、菊地 創、館内 明、Birth Entertainment、僧天、sin,やなせ なつみ,beginner、easy、normal,8.2,3502,250,是,短篇,276,夏天,单女主,疾病,,,,,,,,
うみねこのなく頃に,v24,海猫鸣泣之时,When They Cry 3、When The Seagulls Cry,2007,07th Expansion,全年龄,竜騎士07,FFC、江草 天仁、竜騎士07,dai、志倉 千代丸、ラック眼力、zts、片霧 烈火、志方 あきこ、羽鳥 風画、pre-holder、xaki、-45、スミイ酸、M.Zakky、CAP、NYO、ZUN、プレコ、荒井 英理也、U2 Akiyama、土井 宏紀、グラサンねこ、Ryu-Ga,堀江 由衣、田中 敦子、鈴村 健一、小野 大輔、小林 ゆう、釘宮 理恵、小清水 亜美、小杉 十郎太、伊藤 美紀、上別府 仁資、広瀬 正志、井上 麻里奈、小山 力也、麦人、篠原 恵美、羽鳥 靖子、船木 真人、石住 昭彦,beginner、easy、normal,8.4,2477,124,是,超长篇,4575,悬疑,奇幻,血腥,魔法,岛屿,宅邸,犯罪,,,,
赫炎のインガノック -What a beautiful people-,v417,赫炎的印加诺克 ～何等美好的人们～,Inganock of the Rage Fire,2007,Liar-soft,R18,桜井 光,大石 竜子,Blueberry&Yogurt,かわしま りの、越 雪光、野月 まひる、竹田 彬夫,easy、normal,7.4,718,1591,是,中篇,1200,悬疑,奇幻,失忆,超能力,反乌托邦,疾病,,,,,
リトルバスターズ！,v5,Little Busters!,Little Busters!,2007,Key,R18,麻枝 准、都乃河 勇人、城桐 央、樫田 レオ、藤井 知貴,Na-Ga、樋上 いたる、鳥の,麻枝 准、折戸 伸治、石田 直樹、Manack、中沢 伴行、尾崎 武士、MintJam、ANANT-GARDE EYES、moresis、戸越 まごめ、水月 陵、高瀬 一矢、a2c、PMMK,田中 涼子、田宮 トモエ、緑川 光、神奈 延年、すずき けいこ、金子 明美、風音、荒井 悠美、織田 優成、柳瀬 なつみ、鴨ノ宮 ゆう,easy、normal,8.4,988,138,否,超长篇,4974,战斗,时间旅行,梦境,真女主,,,,,,,
続・殺戮のジャンゴ —地獄の賞金首—,v428,续·杀戮之姜戈—地狱通缉犯—,Tre Donne Crudeli、Zoku Satsuriku no Jango,2007,NITRO+,R18,虚淵 玄,Nishii,ジズスタジオ,空乃 太陽、鈴美 巴、篠崎 双葉、岩田 由貴,easy、normal,8.2,1042,266,否,中篇,780,战斗,科幻,犯罪,,,,,,,,
この青空に約束を―,v182,青空下的约定,こんにゃく、Konnyaku、The Promise I made over this Blue Sky、この青空に约束を―,2006,GIGA,R18,丸戸 史明、企画屋,ねこにゃん,藤井 稿太郎、イワシロ音楽素材、MANYO、藤田 淳平、志倉 千代丸、なるちょ、上野 浩司、大山 曜、水夏 える、ave;new、C.G Mix、R.H、a.k.a.dRESS、桜乃 明日華、根本 日出美,涼宮 琉那、北都 南、草柳 順子、紫苑 みやび、佐本 二厘、石川 乃奈、篠崎 双葉、河合 春華、名塚 佳織,easy、normal,7.8,1745,660,是,长篇,1800,夏天,岛屿,乡村,,,,,,,,
マブラヴ オルタネイティヴ,v92,Muv-Luv Alternative,MLA、Muvluv Alternative,2006,age,R18,松永 北斗、タシロ ハヤト、吉宗 鋼紀,Bou、バカ王子 ペルシャ,飯塚 昌明、Sage Koizumi、影山 ヒロノブ、渡来亜人、Angel Note、安瀬 聖、七瀬 光、岩崎 琢、加持久 忍、河野 陽吾、Peak A Soul+、南 良樹、磯江 俊道、川谷 吉和、上田 益,奥田 秋、栗林 みな実、吉野 なつき、野中 真澄、北都 南、相庭 剛志、高柳 香帆、稲葉 貴子,beginner、easy、normal,8.8,4004,17,是,超长篇,3288,战斗,末日,机甲,战争,反乌托邦,科幻,,,,,
I/O,v96,,アイオー、I、O revision II,2006,Regista,全年龄,中澤 工、高城 葵、大原 広行、秦 寛博,Soyosoyo,志倉 千代丸、onoken,田中 涼子、永田 佳代、たかはし 智秋、吉田 愛理、萩 道彦、相田 さやか、松園 ルイ,easy、normal,8.1,997,324,否,长篇,2626,悬疑,战斗,科幻,失忆,时间旅行,犯罪,,,,,
雪影 -setsuei-,v660,雪影,yukikage,2006,Silver Bullet,R18,日野 亘、有限会社リサイト,むつき ほたる、梅鳥 うりり,松本 慎一郎,一色 ヒカル、北都 南、安玖深 音,easy、normal,7.4,633,1817,否,中篇,1022,悬疑,多角恋,民俗,宅邸,雪,真女主,,,,,
遥かに仰ぎ、麗しの,v604,遥仰凰华,遥麗、Haru Uru、kanishino、kanigishino、仰望那份遥远的美丽,2006,PULLTOP,R18,健速、丸谷 秀人、お～が,藤原々々,有限会社Factory Noise&AG、椎名 治美、ツーファイブ、石川 直人、山西 利治、LS、A',北都 南、安玖深 音、遠山 枝里子、佐本 二厘、風華、井村屋 ほのか,easy、normal,7.4,1575,1580,否,长篇,2615,,,,,,,,,,,
narcissu,v10,水仙,ナルキッソス、ナルキ、水仙花,2005,Stage-nana,R18,片岡 とも,MITAONSYA、司 ゆうき,水月 陵、Barbarian On The Groove、猫野 こめっと、SENTIVE、ebi、MASA、藤間 仁、石橋 弘史、onoken、上松 範康、館内 明,綾川 りの,beginner、easy、normal,8.4,6452,113,是,短篇,168,单女主,真女主,疾病,,,,,,,,
School Days,v14,日在校园,スクールデイズ、SD、School Day’s ～スクールデイズ～、School Days（Face版）,2005,0verflow,R18,メイザーズ ぬまきち,ごとう じゅんじ,飯塚 昌明、ebi、Manack、HIKO、林 克洋、太田 雅友、大久保 薫,柚木 かなめ、平井 達矢、遠野 そよぎ,easy、normal,7,824,3603,是,中篇,1620,多角恋,血腥,,,,,,,,,
最果てのイマ,v1278,最后的现在,Farthest,2005,Xuse,R18,田中 ロミオ,あらき まき,たくまる、Erik Satie,みる、仲達、柏木 誉、風音、松永 雪希、大花 どん、夏野 向日葵、黒崎 猫、薔薇 珈琲,normal,8.5,451,120,否,长篇,2700,科幻,超能力,末日,,,,,,,,
夜明け前より瑠璃色な,v232,夜明前的琉璃色,Brighter than Dawning Blue、yoakena、keyorina、akeruri、yoriruri、yoaruri、ruriiro、amaeruna、夜明けな、けよりな、あけるり、明け瑠璃、よりるり、よあるり、瑠璃色、あまえるな、Yoake Mae yori Ruriiro na,2005,AUGUST,R18,榊原 拓、内田 ヒロユキ、安西 秀明、岡田 留奈,べっかんこう、カワギシ ケイタロウ、脳みそホエホエ、北川 由貴,Active Planets、スミイ酸、DJ SHIMAMURA、WACHA、Georges Bizet,高野 直子、氷青、生天目 仁美、後藤 麻衣、成瀬 未亜、伊藤 静、佐本 二厘、黒河 奈美,easy、normal,6.8,949,4934,否,长篇,2536,失忆,真女主,,,,,,,,,
智代アフター 〜It’s a Wonderful Life〜,v12,智代After ～It's a Wonderful Life～,Tomoyo After ~It's a Wonderful Life~、智代After,2005,Key,R18,麻枝 准、樫田 レオ、都乃河 勇人、藤井 知貴,樋上 いたる、フミオ,麻枝 准、折戸 伸治、戸越 まごめ、I've、高瀬 一矢、羽越 実羽、清水 由紀,一色 ヒカル、中村 悠一、涼森 ちさと、佐々木 あかり、新田 祐一,easy、normal,7.2,1532,2521,是,中篇,840,失忆,夏天,乡村,单女主,真女主,,,,,,
車輪の国、向日葵の少女,v57,车轮之国、向日葵的少女,Syarin、车轮之国,2005,AKABEiSOFT2,R18,るーすぼーい,有葉,MANYO、片霧 烈火、ebi、生田 真心、下地 和彦、まつ、如日、tiko-μ、Morrigan,新城 麻奈、さとう 雅義、芹園 みや、紫華 すみれ,beginner、easy、normal,8.1,3311,323,否,长篇,1882,悬疑,夏天,反乌托邦,,,,,,,,
カルタグラ ～ツキ狂イノ病～,v515,恋狱～月狂病～,Karutagura ~Tsuki-gurui no Yamai~、恋狱月狂病,2005,Innocent Grey,R18,Dr.どっぷり、黒田 百年、鈴鹿 美弥、飯田 和彦,杉菜 水姫,MANYO,一色 ヒカル、吉沢 悠亜、雅 姫乃、秋城 柚月、機知 通、森井 花音、井村屋 ほのか,easy、normal,7.5,1862,1409,是,中篇,1031,悬疑,血腥,多角恋,犯罪,雪,,,,,,
灯穂奇譚,v5711,灯穗奇谭,とうすいきたん、灯穗奇谭,2005,Mizukagami,R18,横浜 元町,基4%、硯、月音、梱枝 りこ,ピクセルビー、LaLa、煉獄 小僧,一色 ヒカル、楠 鈴音、北都 南、成瀬 未亜,easy、normal,6.9,666,4401,否,中篇,610,悬疑,转生/轮回,民俗,乡村,,,,,,,
塵骸魔京,v400,尘骸魔京,Chaos Gate Jingai Makyo、じんがいまきょう,2005,NITRO+,R18,夜刀 史朗、笹木 弓,Nishii、よう太、ヨダ,ジズスタジオ、磯江 俊道、大山 曜、村上 正芳,由良 香、木島 宇太、三咲 里奈、霧島 七海,easy、normal,7.4,509,1917,否,长篇,2198,悬疑,战斗,奇幻,科幻,,,,,,,
刃鳴散らす,v430,刃鸣散,,2005,NITRO+,R18,奈良原 一鉄,大崎 シンヤ,ジズスタジオ、磯江 俊道、大山 曜、神保 伸太郎、泉 邦宏、立花 泰彦,杉崎 和哉、鈴美 巴、守田 羽糸、須本 綾奈、オイリーはな,easy、normal,7,550,3940,否,短篇,450,战斗,血腥,,,,,,,,,
パルフェ ～chocolat second brew～,v683,女仆咖啡帕露菲,纯爱咖啡厅、Parfait ~Chocolat Second Brew~”Re-order”,2005,GIGA,R18,丸戸 史明、企画屋、叶 希一、小林 且典,ねこにゃん,I've、ave;new、黒須 克彦、C.G Mix、R.H、桜乃 明日華,宮崎 羽衣、中原 麻衣、深井 晴花、浅野 麻理亜、MIENO、高槻 つばさ、野川 さくら、新谷 良子、斎藤 桃子、稲村 優奈、庄子 裕衣、千葉 紗子,beginner、easy、normal,8,1954,469,是,中篇,1719,咖啡厅,,,,,,,,,,
120円の春,v2585,120日元之春,ひゃくにじゅうえんのはる、Hyakunijuu En no Haru、￥120 Stories、120 Yen Stories,2005,NekoNeko Soft,R18,片岡 とも,u-r、オダワラハコネ、蜂矢,Elements Garden、SENTIVE、藤間 仁、Barbarian On The Groove、猫野 こめっと、ebi、石橋 弘史、443、feel,田口 宏子、能登 麻美子、河本 明子,easy、normal,7.2,1175,2800,否,短篇,234,,,,,,,,,,,
CLANNAD,v4,,クラナド、CL、小镇家族,2004,Key,全年龄,麻枝 准、涼元 悠一、魁、丘野 塔也、藤井 知貴,樋上 いたる,麻枝 准、折戸 伸治、戸越 まごめ、菊地 創,中原 麻衣、広橋 涼、能登 麻美子、桑島 法子、野中 藍、神田 朱未、榎本 温子,beginner、easy、normal,8.9,6392,13,是,超长篇,4680,多角恋,真女主,疾病,,,,,,,,
planetarian ～ちいさなほしのゆめ～,v34,星之梦,planetarian - Dream of Little Star -、星之梦,2004,Key,全年龄,涼元 悠一,駒都 えーじ,折戸 伸治、戸越 まごめ、Charles Crozat Converse,小野 大輔、すずき けいこ,beginner、easy、normal,7.9,4352,492,是,短篇,234,科幻,末日,单女主,,,,,,,,
Forest,v599,,フォレスト,2004,Liar-soft,R18,星空 めてお、高尾 登山,大石 竜子,椎名 治美、ノーブランド サウンズ、九十九 百太郎、山西 利治、長崎 繁、LS,一色 ヒカル、かわしま りの、野月 まひる、みる,easy、normal,8.5,1069,90,否,中篇,924,奇幻,魔法,meta,真女主,,,,,,,
シンフォニック=レイン,v38,交响乐之雨,Симфония дождя、Symphonic Rain,2004,Kuroneko-san Team,全年龄,西川 真音、松園 浩史,しろ,磯江 俊道、岡崎 律子、光宗 信吉、西脇 辰弥、安部 潤,中原 麻衣、笠原 弘子、浅野 真澄、折笠 富美子、宮下 道央,beginner、easy、normal,8.5,2817,82,否,长篇,1950,失忆,多角恋,音乐主题,,,,,,,,
ひぐらしのなく頃に解,v68,寒蝉鸣泣之时解,Higurashi Kai、When They Cry 2、Higu2、寒蝉解,2004,07th Expansion,全年龄,竜騎士07,rato、竜騎士07、クロサキ,ジズスタジオ、dai、志倉 千代丸、OdiakeS、上野 浩司、磯江 俊道、5zizz、Morrigan、川越 好博、ラック眼力、zts、七瀬 光、折倉 俊則、pre-holder、SB YUNE、煉獄庭園、海老スパ、すえばし、tack、モロコ、風域、DJ NETA-RAW、朱月 笛丸、カレギュウ (oi),小野 大輔、田村 ゆかり、保志 総一朗、中原 麻衣、雪野 五月、大川 透、関 俊彦、伊藤 美紀、かない みか,easy、normal,8.4,853,133,是,超长篇,3900,悬疑,奇幻,血腥,时间旅行,夏天,犯罪,民俗,电波,,,
CARNIVAL,v1001,狂欢节,カーニバル,2004,FlyingShine,R18,瀬戸口 廉也、たにみちNON、寿衣谷,川原 誠,milktub、Elements Garden、菊田 大介、藤田 淳平、上松 範康,氷河流、ダイナマイト☆亜美、白井 綾乃、岩泉 まい、吉川 華生、伊藤 瞳子,easy、normal,7.4,1491,1611,否,中篇,758,悬疑,失忆,犯罪,民俗,真女主,,,,,,
Remember11 -the age of infinity-,v13,Remember11：无限轮回的时光,Remember11、R11、リメンバーイレブン ジ・エイジ・オブ・インフィニティ,2004,KID,全年龄,林 直孝、中澤 工、槻潮 鋼、たきもと まさし、松川 しゅうさく、石川健太,左,志倉 千代丸、上野 浩司、大島 こうすけ、阿保 剛、磯江 俊道,子安 武人、友永 朱音、久川 綾、豊口 めぐみ、皆川 純子、江原 正士、森永 理科,beginner、easy、normal,8.9,4534,14,是,中篇,1500,悬疑,科幻,失忆,时间旅行,犯罪,meta,,,,,
3days ～満ちてゆく刻の彼方で～,v1085,3days ～在逝去时间的另一端～,3days ~Till Death Do Us A Part~,2004,Lass,R18,LEGIOん、剣技 マナ、玉沢 円,萩原音泉、ramis,飯塚 博,一色 ヒカル、文月 かな、楠 鈴音、間寺 司、青山 ゆかり、金田 まひる,easy、normal,6.6,1312,6053,否,中篇,1770,悬疑,战斗,血腥,时间旅行,魔法,转生/轮回,犯罪,奇幻,,,
Fate/stay night,v11,,fsn、f、sn、フェイト／ステイナイト、命运守护夜、命運／停駐之夜,2004,TYPE-MOON,R18,虚淵 玄、桜井 光、星空 めてお、東出 祐一郎、奈須 きのこ,武内 崇、こやま ひろかず、森井 しづき、minori、逢倉 千尋,齋藤 真也、オオバ コウスケ、鴇沢 直、杉山 ダニエル 祐樹、KATE、hil、Number 201、James Harris、Philipp Friedrïch Silcher,中田 譲治、杉山 紀彰、川澄 綾子、植田 佳奈、諏訪部 順一、下屋 則子、門脇 舞以,beginner、easy、normal,8.3,5479,166,是,超长篇,5340,战斗,奇幻,超能力,魔法,宅邸,,,,,,
家族計画 ～そしてまた家族計画を～,v3184,家族计划~再开~,Kazokei、KK、FP、家计,2004,D.O.,R18,山田 一,福永 ユミ、VOSS,I've,紫苑 みやび,easy、normal,8.7,1705,26,是,短篇,125,,,,,,,,,,,
Memories Off 〜それから〜,v1171,秋之回忆：从今以后,memoff4、Memo-Off 4、メモオフ4、告别回忆4、秋之回忆4、MO4、メモリーズオフ ～それから～,2004,KID,全年龄,林 直孝、安本 亨、たきもと まさし、持田 康之、松川 しゅうさく,藤宮 博也、松尾 ゆきひろ、輿水 隆之,志倉 千代丸、阿保 剛、彩音,小林 沙苗、かかず ゆみ、古山 きみこ、榎本 温子、石原 絵理子,easy、normal,7.6,1172,1035,是,长篇,1978,咖啡厅,,,,,,,,,,
ToHeart2,v20,ToHeart2,トゥハート２、TH2,2004,Leaf/AQUAPLUS,R18,三宅 章介、枕 流、菅 宗光、まるいたけし,なかむら たけし、みつみ 美里、カワタ ヒサシ、甘露 樹、甘味 みきひろ,まるいたけし、石川 真也、松岡 純也、中上 和英、下川 直哉、衣笠 道雄,中島 沙樹、生天目 仁美、佐藤 利奈、小野 涼子、力丸 乃りこ、斎藤 千和、伊藤 静、落合 祐里香、夏樹 リオ、吉田 小南美、石塚 さより,normal,7.5,275,1389,是,超长篇,3750,,,,,,,,,,,
天使のいない12月,v21,没有天使的12月,没有天使的12月、December When There Is No Angel、A December Without Angels、Tenshi no Inai Juunigatsu,2003,Leaf/AQUAPLUS,R18,三宅 章介,なかむら たけし、みつみ 美里,石川 真也、豆田 将、松岡 純也、中上 和英、下川 直哉,鷹月 さくら、安玖深 音、鮎川 ひなた、井村屋 ほのか、皆美 伊吹,easy、normal,7.1,947,3313,否,中篇,780,多角恋,雪,,,,,,,,,
河原崎家の一族2,v2361,河原崎家的一族2,,2003,elf,R18,土天 冥海、蛭田 昌人,りん しん,与猶 啓至、筒井 香織,安田 未央、井村屋 ほのか、須本 綾奈、百々 麻子、引田 有美,easy、normal,7.7,770,900,是,中篇,1571,悬疑,奇幻,失忆,血腥,时间旅行,犯罪,民俗,宅邸,,,
CROSS†CHANNEL,v66,交错†频道,C+C、クロスチャンネル,2003,FlyingShine,R18,岩片 烈、田中 ロミオ,松竜,志倉 千代丸、新井 健史、Marica、Funczion SOUNDS、BB、AISSIA,榎津 まお、鳩野 比奈、楠 鈴音、児玉 さとみ、中瀬 ひな,beginner、easy、normal,8.5,4204,97,否,长篇,1816,悬疑,时间旅行,夏天,犯罪,乡村,,,,,,
沙耶の唄,v97,沙耶之歌,Saya's Song,2003,NITRO+,R18,虚淵 玄,中央 東口,ジズスタジオ、磯江 俊道、江幡 育子、大山 曜、神保 伸太郎、村上 正芳、川越 好博,川村 みどり、矢沢 泉、片岡 大二郎、佐藤 まこと、氷河流,beginner、easy、normal,7.6,7485,1211,否,短篇,374,血腥,单女主,,,,,,,,,
マブラヴ,v93,Muv-Luv Extra&Unlimited,,2003,age,R18,松永 北斗、タシロ ハヤト、吉宗 鋼紀,Bou、オダワラハコネ、魚、憂姫 はぐれ、黒木 雅弘、かわぎし けいたろう,飯塚 昌明、Sage Koizumi、渡来亜人、ジズ、rino、磯江 俊道、chokix、中山 真斗、鈴木 マサキ、Rolly Unite,笹本 優子,beginner、easy、normal,6.7,2328,5637,是,长篇,2760,战斗,多角恋,末日,机甲,战争,反乌托邦,科幻,,,,
腐り姫 ～euthanasia～,v37,腐姬,,2002,Liar-soft,R18,星空 めてお、睦月 たたら、高尾 登山,中村 哲也,椎名 治美、雑音工房NOISE,かわしま りの、西田 こむぎ、金田 まひる、YUKI、椎名 奏子,beginner、easy、normal,8.2,2351,211,是,中篇,900,失忆,时间旅行,,,,,,,,,
想い出にかわる君 〜Memories Off〜,v1170,沦为回忆的你 ~秋之回忆~,memoff3、Memo-Off 3、メモオフ3、You that became a Memory ~Memories Off~、Omokimi、想君、秋之回忆 想君、秋之回忆3、告别回忆3、MO3,2002,KID,全年龄,秋月 ひろ、緑犬 ふう,ふじさき怜、松尾 ゆきひろ、輿水 隆之,志倉 千代丸、阿保 剛、林 克洋,川澄 綾子、沢城 みゆき、清水 愛、浅野 真澄、高橋 美佳子、福井 裕佳梨、白鳥由里,normal,6.6,452,5950,是,长篇,1908,夏天,咖啡厅,,,,,,,,,
ひぐらしのなく頃に,v67,寒蝉鸣泣之时,Higurashi、When They Cry、寒蝉,2002,07th Expansion,全年龄,竜騎士07,rato、竜騎士07、クロサキ,ジズスタジオ、志倉 千代丸、磯江 俊道、5zizz、千葉 直樹、dai、Morrigan、草薙 孝司,田村 ゆかり、保志 総一朗、中原 麻衣、雪野 五月、茶風林、かない みか,easy、normal,8.3,1220,183,是,超长篇,3000,悬疑,血腥,夏天,犯罪,民俗,乡村,电波,,,,
Ever17 -the out of infinity-,v17,时空轮回,Ever17、Ebaa Sebuntiin、エバー・セブンティーン、E17、时光的羁绊,2002,KID,全年龄,中澤 工、打越 鋼太郎、笹成 稀多郎、梅田 伸明,松尾 ゆきひろ、多岐川 遊、ぼみ、川村 敏江,志倉 千代丸、沢村 竣、上野 浩司、阿保 剛、磯江 俊道,植田 佳奈、下屋 則子、浅川 悠、保志 総一朗、笠原 弘子、望月 久代,beginner、easy、normal,9.1,9716,5,是,长篇,1990,悬疑,科幻,失忆,时间旅行,超能力,阴谋,岛屿,meta,疾病,,
うたわれるもの,v3,传颂之物,Uta (うた)、Uta1、The One Being Sung、The One of Whom Legends Are Sung、Legendsung、受讚颂者,2002,Leaf/AQUAPLUS,R18,菅 宗光,甘露 樹,豆田 将、松岡 純也、下川 直哉、石川 真也、米村 高広,沢城 みゆき、田中 敦子、大原 さやか、浪川 大輔、中原 麻衣、柚木 涼香、小山 剛志、桐井 大介、三宅 華也、釘宮 理恵、小山 力也、富坂 晶,easy、normal,7.8,1636,628,是,长篇,2206,悬疑,战斗,奇幻,科幻,失忆,魔法,转生/轮回,阴谋,末日,战争,
BALDR FORCE,v221,,バルドフォース、バルドフォースエグゼ、BF、装甲之力,2002,GIGA,R18,卑影 ムラサキ,菊池 政治,桃井 はるこ、齋藤 真也、ave;new、C.G Mix、Hirasan、a.k.a.dRESS、河内のおっさん,川澄 綾子、石田 彰、まき いづみ、能登 麻美子、芹園 みや、桜木 あおい、根谷 美智子、野川 さくら、坂本 翔子、福井 裕佳梨、武下 真奈美,easy、normal,7.9,640,515,是,长篇,1825,战斗,科幻,失忆,阴谋,机甲,,,,,,
鬼哭街,v183,鬼哭街,鬼哭街 -The Cyber Slayer-,2002,NITRO+,R18,虚淵 玄,中央 東口、Nishii、石渡 マコト,ジズスタジオ,田村 ゆかり、井上 和彦、速水 奨,easy、normal,7.3,1276,2297,否,短篇,480,战斗,科幻,血腥,单女主,,,,,,,
君が望む永遠,v94,你所期望的永远,KGNE、Kiminozo、君望、君のぞ、The Eternity You Wish For、Rumbling Hearts、愿此刻永恒,2001,age,R18,松永 北斗、タシロ ハヤト、吉宗 鋼紀、佐久間 零式改、渋谷藍,杉原 鎧,飯塚 昌明、渡来亜人、加持久 忍、菊田 大介、清水 永之,栗林 みな実、上原 ともみ、石橋 朋子、雨宮 麻紀、大友 清里、吉田 恭子、安藤 正輝,normal,7.8,347,744,否,超长篇,4098,多角恋,疾病,,,,,,,,,
Memories Off 2nd,v1153,秋之回忆2,memoff2、Memo-Off 2、メモオフ2、メモリーズオフ セカンド、告别回忆2、MO2,2001,KID,全年龄,中澤 工、打越 鋼太郎、西川 真音、日暮 茶坊、笹成 稀多郎、三浦 洋晃、館山 緑、西村 卓也、佐々木 智宏、中山 伸也、澤渡 やよい,ささき むつみ、松尾 ゆきひろ、輿水 隆之、川村 敏江、相坂 直紀,志倉 千代丸、阿保 剛、あきづき かおる、斉藤 かんじ,水樹 奈々、菊池 志穂、南里 侑香、池澤 春菜、千葉 紗子、仲西 環,easy、normal,8.1,1888,345,是,长篇,1800,多角恋,真女主,,,,,,,,,
さよならを教えて 〜comment te dire adieu〜,v1200,对你说再见～comment te dire adieu～,Sayooshi、さよ教、sayo教,2001,CRAFTWORK,R18,長岡 建蔵、石埜 三千穂,長岡 建蔵,I've、さっぽろ ももこ,田中 美智、あさり☆、佐々木 あかり、紬 叶慧、天天,easy、normal,7.4,1678,1695,否,中篇,713,血腥,电波,,,,,,,,,
ジサツのための101の方法,v6475,自杀的101种方法,101 Ways to Commit Suicide、The 101 Methods of Suicide,2001,Duke,R18,山田 おろち,貴森 裕友,YET11、miku,无配音,normal,6,477,9255,否,短篇,474,血腥,阴谋,末日,电波,,,,,,,
家族計画,v155,家族计划,Kazokei、KK、FP、家计,2001,D.O.,R18,山田 一,福永 ユミ、さめだ 小判、くるみ 壱、PAL,I've、高瀬 一矢,比留間 京之介、北都 南、佐々 留美子、桐谷 華、桃井 穂美、七ヶ瀬 輪、平野 響子、片瀬 唯、結衣菜、杉沢 淳子、MIWAKO、桜川 美央、佐藤 涼樹,beginner、easy、normal,8.3,2244,152,是,长篇,1825,,,,,,,,,,,
sense off ～a sacred story in the wind～,v2806,,,2000,otherwise,R18,元長 柾木、シュート 彦,ゆうろ,折戸 伸治、Ecnemuse、高瀬 一矢、桜 恵司、FUDE_R、BIGMADE、えむずぅ,无配音,normal,7.2,258,2824,否,中篇,981,科幻,meta,,,,,,,,,
AIR,v36,,,2000,Key,R18,麻枝 准、涼元 悠一、イシカワ タカシ、丘野 塔也、雲龍寺 魁、藤井 知貴,樋上 いたる,麻枝 准、折戸 伸治、戸越 まごめ、高瀬 一矢,緑川 光、川上 とも子、柚木 涼香、岡本 麻見,beginner、easy、normal,8.3,2643,159,是,长篇,1801,失忆,夏天,转生/轮回,民俗,梦境,乡村,真女主,疾病,,,
Never7 -the end of infinity-,v248,第七夜：无限轮回的终结,ネバーセブン~ジ エンド オブ インフィニティ~、N7,2000,KID,全年龄,中澤 工、打越 鋼太郎、日暮 茶坊、程島 健、市川 和弘,松尾 ゆきひろ、影崎 由那、ちゅるり、永井 岳人,志倉 千代丸、阿保 剛,千葉 進歩、井上 喜久子、川上 とも子、松岡 由貴、山崎 和佳奈,easy、normal,7.1,950,3015,是,中篇,1573,悬疑,时间旅行,岛屿,,,,,,,,
Phantom PHANTOM OF INFERNO,v45,幻灵镇魂曲,ファントム、PoI、幻灵 -徬徨于无限地狱-、Phantom,2000,NITRO+,R18,虚淵 玄,菊地 洋子、つばた よしあき、中央 東口、矢野口 君,七瀬 光、筒井 香織、磯江 俊道、大山 曜、Johann Sebastian Bach、神保 伸太郎、ジズスタジオ、有限会社 クワイア、村上 正芳、大網 剛,沢城 みゆき、成田 剣、井上 喜久子、久川 綾、小清水 亜美、荻原 秀樹、こおろぎ さとみ、麻見 順子、高垣 彩陽、南 央美、岡野 浩介、入野 自由、千葉 一伸,easy、normal,8.1,1160,320,是,中篇,1200,战斗,失忆,阴谋,犯罪,,,,,,,
月姫,v7,月姬,Tsukihime: Blue Blue Glass Moon、Under The Crimson Air、Moon Princess,2000,TYPE-MOON,R18,奈須 きのこ,武内 崇,KATE,无配音,beginner、easy、normal,8.2,2549,270,是,长篇,2593,战斗,奇幻,失忆,宅邸,疾病,,,,,,
顔のない月,v240,无颜之月,Moonlight Lady、No Surface Moon,2000,ROOT,R18,宙形 安久里、セロリ、西貝言羽,CARNELIAN,KIM’s SOUNDROOM,岬 友美、藤原 美央子、こおろぎ さとみ、風華、松田 美菜、野上 奈々,normal,7.1,350,3246,否,中篇,1575,悬疑,奇幻,失忆,转生/轮回,宅邸,真女主,,,,,
加奈 〜いもうと〜,v2,加奈妹妹,Kana: Imouto、Kana: Little Sister,1999,D.O.,R18,山田 一,綾風 柳晶、米倉 けんご,高橋 秀紀、ロドリゲス のぶ,高野 直子、小林 沙苗、小田 真ゆみ,easy、normal,8,1147,434,是,中篇,614,多角恋,真女主,疾病,,,,,,,,
Kanon,v33,,,1999,Key,R18,麻枝 准、久弥 直樹,樋上 いたる,麻枝 准、折戸 伸治、OdiakeS、高瀬 一矢,堀江 由衣、田村 ゆかり、杉田 智和、飯塚 雅弓、國府田 マリ子、小西 寛子、佐藤 朱,easy、normal,7.8,1459,723,是,长篇,1845,失忆,雪,,,,,,,,,
Memories Off,v1152,秋之回忆,memof、Memo-Off、メモオフ、告别回忆、秋之回忆1、MO1,1999,KID,全年龄,馬場 卓也、打越 鋼太郎、日暮 茶坊、佐々木 智宏、Brain Busters、安部 理一郎、TAS、高林 信仁,永井 岳人、ささき むつみ、松尾 ゆきひろ、長坂 寛治,志倉 千代丸、磯江 俊道、Tatsh、阿保 剛,緑川 光、田村 ゆかり、浅野 るり、那須 めぐみ、山本 麻里安、利田 優子、河合 久美,easy、normal,7.5,1239,1305,是,中篇,1500,真女主,,,,,,,,,,
WHITE ALBUM,v236,白色相簿,ホワイトアルバム,1998,Leaf/AQUAPLUS,R18,涼元 悠一、枕 流、まるいたけし、JIGY、原田 宇陀児、竹林 明秀,カワタ ヒサシ、鳥の、水無月 トオル,豆田 将、松岡 純也、石川 真也、中上 和英、下川 直哉,佐藤 利奈、朴 璐美、水樹 奈々、平野 綾、戸松 遥、高本 めぐみ、升 望,normal,7.4,357,1948,是,长篇,2050,多角恋,雪,音乐主题,,,,,,,,
ONE ～輝く季節へ～,v51,ONE～辉之季节～,,1998,Tactics,R18,高林 伸二、麻枝 准、久弥 直樹,mocha、彩 雅介、まろたろ、わいっしゅ、樋上 いたる,たくまる、折戸 伸治、YET11、OdiakeS、石川 修、いしさん、M.S、Ryuji Murayama,みる、雪野 五月、木村 あやか、芹園 みや、高森 奈津美、須本 綾奈、日下 千鶴、今井 由香、大谷 育江、飯塚 雅弓、愛美、横山 智佐、中川 亜紀子、高橋 花林、石見 舞菜香、前田 佳織里、立花 日菜,normal,7.1,421,3340,是,中篇,1348,奇幻,雪,,,,,,,,,
この世の果てで恋を唄う少女YU-NO,v1377,在世界尽头咏唱恋曲的少女YU-NO,A girl who chants love at the bound of this world、Yu-No、Koihate、yuno、YU-NO,1996,elf,R18,剣乃 ゆきひろ,相沢 健一、松下 剛、宮原 稔、多田 弘、野間 明、折笠 方紀、川那部 恭、松尾 ゆきひろ、凪 良、池田 靖宏、相澤 こたろー、福田 知則、上野 こけもも‏、長岡 康史、鍋島 信彦、木村 隆夫、小林 勝寿,与猶 啓至、佐藤 龍一、志倉 千代丸、高見 龍、千葉 直樹、神奈江 紀宏、島田 竜,小林 ゆう、檜山 修之、井上 喜久子、釘宮 理恵、久川 綾、楠 大典、今井 由香、冬馬 由美、大塚 明夫、根谷 美智子、佐久間 レイ、内田 真礼、名塚 佳織、大西 沙織、林 勇、前田 玲奈,easy、normal,8.5,1294,110,否,长篇,2658,悬疑,奇幻,科幻,时间旅行,夏天,阴谋,,,,,
雫,v235,雫,雫 -しずく-、Drip,1996,Leaf/AQUAPLUS,R18,髙橋 龍也,比呂 菊乃助、水無月 徹,衣笠 道雄、折戸 伸治、石川 真也、下川 直哉,鷹月 さくら、一宮 桜、和泉 あやか、立花 舞、今井 かおる、田中 大輔,easy、normal,6.4,683,7591,是,中篇,668,悬疑,超能力,电波,真女主,,,,,,,
同級生2,v2337,同级生2,Classmates 2、Nanpa 2、Dōkyūsei 2、Dokyusei 2,1995,elf,R18,もみあげ ルパン R、蛭田 昌人,すめらぎ 琥珀、八島 タカヒロ、小林 勝寿、竹井 正樹,岩垂 徳行、大熊 謙一、溝口 功、原 太郎、大網 剛、渡辺 靖仁、ウィッチ、与猶 啓至、国枝 学,田中 敦子、北見 六花、折笠 愛、こおろぎ さとみ、秋野 花、姫川 あいり、勝生 真沙子、鶴屋 春人、鈴谷 まや、手塚 ちはる、和央 きりか、葵 時緒、山田 みほ、浅田 葉子、吉田 小南美、中村 尚子、矢島 晶子、松下 美由紀、猫村 ゆき、水沢潤、東雲 りあ、大宮 若葉、藤野 かほる、高田 由美、夏樹 柑菜、よもぎ かすみ、菊池 いづみ,normal,7.9,249,673,是,长篇,2061,,,,,,,,,,,
同級生,v185,同级生,Classmates、Nanpa 1,1992,elf,R18,蛭田 昌人,竹井 正樹,岩垂 徳行、須合 真樹、大熊 謙一、濱田 弘之、角岡 義行、大網 剛、ウィッチ,永島 由子、井上 喜久子、こおろぎ さとみ、笠原留美、高橋 美紀、平松 晶子、水谷 優子、丹下 桜、萩森 侚子、國府田 マリ子、豊嶋 真千子、渡辺菜生子、柳瀬 なつみ、深見 梨加、鈴木 真仁、小野綾子、草地 章江、小野寺麻理子,normal,7.3,121,,是,中篇,900,,,,,,,,,,,
ef - a fairy tale of the two.,v88,悠久之翼,ふたつの物語、エフ ア フェアリー テイル オブ ザ トゥー、ever forever、eternal feather、two stories,2008,minori,R18,御影、鏡 遊,2C＝がろあ、七尾 奈留,天門、柳 英一朗,赤沢 かえで、まき いづみ、安芸怜須 ケン、小満 皐、安玖深 音、山田 ゆな、桜井 美鈴、伊香川 椎音、城樹 翔、壬生 中将,normal,8.1,497,0,否,长篇,2100,悬疑,失忆,多角恋,阴谋,,,,,,,
天使☆騒々 RE-BOOT!,v40520,天使☆嚣嚣 RE-BOOT!,天使☆骚骚 RE-BOOT!、しりぶと,2023,Yuzusoft,R18,J・さいろー、安堂 こたつ、保住 圭、天宮 りつ、かずき ふみ,こぶいち、こもわた 遙華、羽純 りお、むりりん、ほかん,伊福部 武史、佐々倉 マコト、Meis Clauson、Famishin、森 まもる、井ノ原 智、椎名 俊介、流歌、鈴木 ルヒカ、仲村 洸祐、じっぴー,夏野 こおり、遥 そら、夏和小、柳 ひとみ、明羽 杏子、瀬戸乃 マリエ,normal,5.8,2212,9670,否,超长篇,3012,转生/轮回,,,,,,,,,,
