游戏名,中文名,别名,评分人数,tag,rank
Ever17 -the out of infinity-,时空轮回,Ever17、Ebaa Sebuntiin、エバー・セブンティーン、E17、时光的羁绊,9716,Galgame; KID; Ever17; 悬疑; 神作; 打越鋼太郎; infinity; 科幻; 打越刚太郎; AVG,5
素晴らしき日々～不連続存在～,美好的每一天 ～不连续的存在～,SubaHibi、すば日々、すばひび、素晴日,8462,Galgame; 电波; 哲学; 狂气; SCA-自; 神作; ケロＱ; 剧情流; 《逻辑哲学论》; 初心者回避,36
STEINS;GATE,命运石之门,シュタインズゲート、S;G、石头门,8387,命运石之门; 5pb; Galgame; Nitro+; 空想科学ADV; 时间旅行; 中二; 科学幻想; PC; AVG,11
穢翼のユースティア,秽翼的尤斯蒂娅,Aiyoku no Eustia、脏翅膀,7949,Galgame; AUGUST; 八月社; 脏翅膀; 穢翼のユースティア; 秽翼的尤斯蒂娅; PC; GAL; 2011; ADV,153
沙耶の唄,沙耶之歌,Saya's Song,7485,虚淵玄; Nitro+; Galgame; 猎奇; 沙耶之歌; 純愛; 肉块; 沙耶の唄; PC; 果冻,1211
千恋＊万花,千恋＊万花,Senren * Banka: A Thousand Colors of Love,7315,柚子社; Galgame; 废萌; 桐谷华; 幼刀！; 甜作; ゆずソフト; 遥そら; 小鸟居夕花; PC,4682
WHITE ALBUM2 -closing chapter-,白色相簿2 终章,ホワイトアルバム2、WHITE ALBUM2 -c.c.-、WA2 CC,7073,丸戸史明; Galgame; leaf; 三角恋; WA2; 神作; 脱宅神作; 致郁; PC; GAL,6
魔法使いの夜,魔法使之夜,Mahoyo,7025,TypeMoon; 奈須きのこ; Galgame; 魔法使いの夜; Type-Moon; 型月; PC; AVG; 蘑菇使いの坑; GAL,53
ATRI -My Dear Moments-,亚托莉 -我挚爱的时光-,,6967,Galgame; 全年龄; 枕; FrontWing; 松本文纪; ANIPLEX.EXE; 紺野アスタ; SCA-自; PC; 2020,3201
サクラノ詩 —櫻の森の上を舞う—,樱之诗 - 在樱花之森上飞舞,樱之诗,6624,Galgame; SCA-自; 枕; 樱之诗; 狗神煌; 神作; －櫻の森の上を舞う－; 艺术; 有生之年; 业界黎明,27
narcissu,水仙,ナルキッソス、ナルキ、水仙花,6452,Galgame; 水仙; 片岡とも; 催泪; narcissu; 绝望; 音乐美; PC; 全年龄; AVG,113
CLANNAD,,クラナド、CL、小镇家族,6392,key; CLANNAD; Galgame; 麻枝准; 催泪弹; 家族; 人生; 亲情; 泣きゲー; 爱情,13
WHITE ALBUM2 -introductory chapter-,白色相簿2 序章,ホワイトアルバム2、WHITE ALBUM2 -i.c.-、WA2ic,5757,Galgame; 丸户史明; leaf; 三角恋; WA2; PC; 神作; 郁系; 丸戸史明; 脱宅神作,235
Summer Pockets,夏日口袋,サマーポケッツ、サマポケ、SumPock、Samapoke、Summer Pockets(無印)、SPRB、Summer Pockets Reflection Blue,5740,key; Galgame; 麻枝准; 新島夕; 全年龄; 水月陵; 和泉つばす; 2018; 催泪; na-ga,197
サノバウィッチ,魔女的夜宴,サノバウィッチ Sabbat of the Witch、Son of a Witch: Sabbat of the Witch、Sonova Witch、Sonovawitch、Sabbath of the Witch,5740,柚子社; Galgame; 废萌; 桐谷華; ゆずソフト; 魔女的夜宴; 纯爱; 甜作; PC; 遥そら,2911
"eden* They were only two, on the planet.",,eden*、Eden,5535,minori; Galgame; eden; 世界末日; 诗音大爱; 新海城; GAL; PC; AVG; 鏡遊,600
Fate/stay night,,fsn、f/sn、フェイト／ステイナイト、命运守护夜、命運／停駐之夜,5479,Type-Moon; Galgame; Fate; 奈須きのこ; 月世界; PC; Saber; 补魔; 燃; GAL,166
レイジングループ,人狼村之谜,乐境虏逋、人狼村、愤怒循环、Raging Loop,5402,悬疑; 狼人杀; Galgame; AVG; 轮回; 推理; PC; 骚话王历险记; kemco; STEAM,276
Rewrite,,リライト、Riraito、罚抄,5214,key; 田中ロミオ; Galgame; 龙骑士07; rewrite; 麻枝准; 都乃河勇人; PC; GAL; 全年龄,59
月に寄りそう乙女の作法,近月少女的礼仪,つり乙、Tsuriotsu,5211,Galgame; Navel; 伪娘; 女装; 小仓朝日; 露娜; 西又葵; 鈴平ひろ; 王雀孫; 大小姐,1004
スーパーダンガンロンパ2 さよなら絶望学園,超级弹丸论破2 再见了绝望学园,Danganronpa 2、Super Danganronpa 2、SDR2,4979,推理; 弹丸论破; AVG; 悬疑; PSP; Spike; 神作; 狛枝凪斗; PC; chunsoft,98
9-nine-ここのつここのかここのいろ Episode.1 Miyako Kujo,9-nine-九次九日九重色,９ここいろ、9 -Nine- Episode 1: Miyako Kujo、9っころ、Kukoro、9koro,4850,Galgame; 调色板; 和泉つばす; 分割商法; 桐谷华; 福圆美里; ぱれっと; PC; GAL; 2017,7727
9-nine-そらいろそらうたそらのおと Episode.2 Sora Nimi,9-nine-天色天歌天籁音,9そらいろ、9Sorairo、9 -Nine- Episode 2: Sora Nimi,4749,Galgame; 桐谷华; 调色板; 分割商法; 和泉つばす; 妹; 实妹; ぱれっと; 9-nine-; PC,2755
CHAOS;CHILD,混沌子,カオスチャイルド、C;C、ChäoS;Child、カオチャ,4615,5pb.; 科学妄想ADV; Galgame; 志倉千代丸; 悬疑; 猎奇; 科学ADV系列最完成作; 梅原英司; AVG; PC,137
美少女万華鏡 -呪われし伝説の少女-,美少女万华镜 -被诅咒的传说少女-,美少女万華鏡1、Biman、Bishoujo Mangekyou: A Girl's Cursed Legend,4588,拔作; Galgame; 八宝备仁; 美少女万华镜; ωstar; 银发双马尾; 实用; PC; 八宝備仁; 2011,4316
G線上の魔王,G弦上的魔王,G弦、G-senjou no Maou、The Devil on G-String,4535,Galgame; G线上的魔王; AKABEiSOFT2; 推理; 悬疑; るーすぼーい; AB2; 神作; 魔王; PC,614
Remember11 -the age of infinity-,Remember11：无限轮回的时光,Remember11、R11、リメンバーイレブン ジ・エイジ・オブ・インフィニティ,4534,KID; Galgame; 打越刚太郎; infinity; 悬疑; 中泽工; AVG; Remember11; PC; 神作,14
抜きゲーみたいな島に住んでる貧乳はどうすりゃいいですか？,,抜きゲーみたいな島に住んでる貧乳（わたし）はどうすりゃいいですか？、NukiTashi、ぬきたし、Is the Island Utopia or Dystopia?、拔作岛,4434,Galgame; Qruppo; 拔作(笑); 欢乐; 披着拔作外衣的剧情作; 硬核(笑); PC; 2018; 剧情; R18,1614
紙の上の魔法使い,纸上的魔法使,Kamimaho、かみまほ、Kami no Ue no Mahoutsukai、纸魔,4413,Galgame; 桐葉; 紙の上の魔法使い; 妹控; ルクル; 致郁; ウグイスカグラ; 妹; 恶意; 2014,663
魔法少女ノ魔女裁判,魔法少女的魔女审判,,4397,百合; 推理; Galgame; 悬疑; 魔法少女; 全年龄; ADV; PC; 2025; 游戏,2263
装甲悪鬼村正,装甲恶鬼村正,FullMetal Daemon Muramasa、Full Metal Daemon Muramasa、FMD Muramasa、Armored Demon Muramasa、村正、Muramasa,4363,Nitro+; Galgame; 奈良原一鉄; 神作; 猎奇; N+; PC; 超神作; AVG; GAL,45
蒼の彼方のフォーリズム,苍之彼方的四重奏,"Beyond the sky, into the firmament.、あおかな、Four Rhythm Across the Blue、4Rhythm、Aokana、아오카나",4362,Galgame; sprite; 青春; 蒼の彼方のフォーリズム; 王道; 燃; PC; 2014; GAL; 声优阵可怕,693
RIDDLE JOKER,,リドルジョーカー、谜语小丑、rj,4362,柚子社; Galgame; 桐谷华; 废萌; ゆずソフト; 遥そら; 妹; 华哥; 石原舞; PC,6796
planetarian ～ちいさなほしのゆめ～,星之梦,planetarian - Dream of Little Star -、星之梦,4352,key; Galgame; 星之梦; 催泪; 涼元悠一; planetarian; 电子小说; 星野夢美; PC; 全年龄,492
CROSS†CHANNEL,交错†频道,C+C、クロスチャンネル,4204,田中ロミオ; Galgame; 孤独; 田中罗密欧; 致郁; 哲学; c+c; FlyingShine; 狂气; loop,97
9-nine-はるいろはるこいはるのかぜ Episode.3 Haruka Kousaka,9-nine-春色春恋春熙风,9はるいろ、9Haruiro、9 -Nine- Episode 3: Haruka Kousaka,4019,Galgame; 调色板; 和泉つばす; 分割商法; ぱれっと; 9-nine-; Palette; 桐谷华; 2019; PC,4476
マブラヴ オルタネイティヴ,Muv-Luv Alternative,MLA,4004,Galgame; 燃; muv-luv; âge; 超神作; 战争; 机器人; 经典; 神作; PC,17
ヨスガノソラ,缘之空,"In Solitude, Where We are Least Alone.、Yosusora",3878,Galgame; 穹妹; 妹控; sphere; 缘之空; 实妹; PC; R18; GAL; 妹控兄控什么的最有爱了,3513
喫茶ステラと死神の蝶,星光咖啡馆与死神之蝶,Kissa Stella to Shinigami no Chou、Café Stella and the Death Goddess' Butterfly、星巴克与扑棱蛾子,3829,柚子社; Galgame; 废萌; 夏和小; ゆずソフト; Yuzu-Soft; 纯爱; 2019; 清水爱; PC,7641
君と彼女と彼女の恋。,你和她和她的恋爱。,"Totono、The Love Between You, Her, and Her、토토노、你和她和她的恋爱。、君彼女、君彼",3778,Galgame; Nitro+; METAGAME; meta; 下仓バイオ; 不是真正的GAL爱好者不要玩; R18; “纯爱”; PC; GAL,1791
ヘンタイ・プリズン,变态监狱,HENTAI · PRISON,3708,Galgame; Qruppo; 监狱; 搞笑; 倉骨治人; PC; 燃; 2022; R18; 骨折王子,57
殻ノ少女,壳之少女,Girl in the Shell、Kara no Shoujo - The First Episode、KnS1、壳少,3645,InnocentGrey; Galgame; 杉菜水姫; 猎奇; 殻ノ少女; 推理; 悬疑; 冬子; PC; 致郁,1202
ランス10,兰斯10 决战,Rance X、ランス10－決戦－、Rance 10 -Kessen-、Rance 10,3587,兰斯; alicesoft; Galgame; RPG; 系列完结; 游戏性; 最终作; 完结作; 黄油; PC,2
恋×シンアイ彼女,想要传达给你的爱恋,School Girls Stories、Koi-Kakeru Shin-Ai Kanojo、Koikake、恋彼女,3576,Galgame; 新島夕; 恋×シンアイ彼女; 水月陵; 暖人心田; Us:track; 新岛夕; きみしま青; PC; 2015,2867
euphoria,,ユーフォリア,3522,Galgame; 猎奇; CLOCKUP; 重口味; 和泉万夜; 纯爱; 浅生詠; 剧情; PC; 近神作,2913
narcissu SIDE 2nd,水仙2,水仙2,3502,Galgame; 片岡とも; 水仙; 催泪; narcissu; 感动; 全年龄; PC; AVG; 水仙2,250
星空鉄道とシロの旅,星空列车与白的旅行,星シロ、Hoshishiro、Hoshitetsu,3471,Galgame; 全年龄; 白玉; しらたま; 萝莉; 催泪; さかき傘; 治愈; 剧情; 短篇,1550
サクラノ刻 -櫻の森の下を歩む-,樱之刻 - 于樱花之森下漫步,サクラノ刻,3447,SCA-自; Galgame; 枕; 樱之刻; 狗神煌; 松本文紀; 有生之年; 新岛夕; PC; 十年起步最高终止,299
美少女万華鏡 -忘れな草と永遠の少女-,美少女万华镜 -勿忘草与永远的少女-,美少女万華鏡2、Biman 2,3440,Galgame; 拔作; 八宝备仁; ωstar; 美少女万华镜; 幼驯染; PC; 八宝備仁; R18; 2012,5047
車輪の国、向日葵の少女,车轮之国、向日葵的少女,Syarin、车轮之国,3311,Galgame; AKABEiSOFT2; 车轮; るーすぼーい; 社会; 法律; 政治; 义务; AB2; PC,323
金色ラブリッチェ,金辉恋曲四重奏,Kinkoi、金恋、金色Loveriche,3268,Galgame; SAGA; さかき傘; 金发; SAGAPLANETS; 水月陵; 遥そら; 秋野花; 2017; PC,1150
ISLAND,,アイランド,3266,Galgame; FrontWing; 全年龄; 轮回; 田村大魔王; ごぉ; 空中幼彩; PC; GAL; 2016,767
美少女万華鏡 -神が造りたもうた少女たち-,美少女万华镜 -为神所创的少女们-,美少女万華鏡3、Biman 3,3228,Galgame; 拔作; 八宝备仁; ωstar; 美少女万华镜; 八宝備仁; 撸出血; PC; 黑丝; 2015,3006
"BALDR SKY Dive2 ""RECORDARE""",,バルドスカイ ダイブ2 レコルダーレ、BSD2、Baldrsky 2,3197,Galgame; GIGA; 戲畫; ACT; 戯画; 菊池政治; BALDR; BALDR_SKY_Dive2_; 萝卜; PC,23
STEINS;GATE 0,命运石之门 0,シュタインズ・ゲート・ゼロ、シュタゲゼロ、S;G 0、Shutage 0,3196,Galgame; 命运石之门; 5pb; 假想科学ADV; 5pb.; 悬疑; AVG; Nitro+; PC; ADV,488
ドーナドーナ いっしょにわるいことをしよう,多娜多娜 一起干坏事吧,doHna:doHna,3174,alicesoft; Galgame; 魚介; 赛博朋克; RPG; R18; PC; 拔作; 萝莉; 2020,1682
はつゆきさくら,初雪樱,White Graduation、Hatsusaku、はつさく、Hatsuyuki Sakura,3151,新岛夕; Galgame; SAGAPLANETS; 暖人心田; 毕业作; 初雪樱; 治愈; 纯爱; 水月陵; 虐心,1582
"BALDR SKY Dive1 ""LostMemory""",,バルドスカイ ダイブ1 ロストメモリー、BSD1、Baldrsky 1,3120,Galgame; 戯画; ACT; GIGA; BALDRSKY; 菊池政治; 萝卜; BALDR; PC; 卑影ムラサキ,114
美少女万華鏡 -罪と罰の少女-,美少女万华镜 -罪与罚的少女-,美少女万華鏡4、Biman 4,3050,Galgame; 拔作; 八宝備仁; ωstar; 伪娘; 美少女万华镜; 动态CG; PC; R18; 2017,4591
ハミダシクリエイティブ,常轨脱离Creative,ハミクリ、Hamikuri、哈密达斯创意、哈密达斯、灵感满溢的甜蜜创想、富婆妹,3049,Galgame; 废萌; 妹; まどそふと; 和泉妃爱; 秋野花; 纯爱; 2020; PC; 汉化,4719
アマツツミ,天津罪,,3039,Galgame; Purplesoftware; 御影; 克; 紫社; 天津罪; 画风美; PC; 2016; 月杜尋,1265
ファタモルガーナの館,海市蜃楼之馆,ファタモル、fata馆,2999,Galgame; 同人; 推理悬疑; Novectacle; AVG; 悬疑; 馆; PC; 全年龄; 魔女,131
媚肉の香り～ネトリネトラレヤリヤラレ～,媚肉之香,,2906,Galgame; ELF; 土天冥海; NTR; 悬疑; 市川小紗; 纯爱; R18; BE超多; PC,523
シンフォニック=レイン,交响乐之雨,Симфония дождя、Symphonic Rain,2817,Galgame; 冈崎律子; 工画堂; 交响乐之雨; 全年龄; 中原麻衣; 神作; PC; GAL; 雨水,82
ランス01 光をもとめて,兰斯01 寻找小光,Rance 1 Remake、Rance 01 - The Quest for Hikari,2738,alicesoft; 兰斯; Galgame; RPG; 重制版; 黄油; PC; 游戏性; R18; 战斗,3827
抜きゲーみたいな島に住んでる貧乳はどうすりゃいいですか？2,,抜きゲーみたいな島に住んでる貧乳（わたし）はどうすりゃいいですか？2、ぬきたし2、Nukitashi2、Is the prospect Hope or Despair?、拔作岛2、拔岛2,2683,Galgame; Qruppo; 拔作岛; 剧情作; 续作; 沙雕不要停下来; 2019; 倉骨治人; PC; 搞笑,314
景の海のアペイリア,流景之海的艾佩理雅,The sea of the landscape Apeiria、景（ひかり）の海のアペイリア、海景的艾佩莉雅、景之海的埃佩利亚、景之海、海景房、流景之海的艾佩理雅,2670,Galgame; 悬疑; 范乃秋晴; SF; 景の海のアペイリア; 意外之作; シルキーズプラス; 科幻; 2017; PC,473
"さくら、もゆ。-as the Night's, Reincarnation-","樱花、萌放。-as the Night's, Reincarnation-",SakuMoyu、樱摸鱼、樱花摸鱼、さくら、もゆ,2647,Galgame; FAVORITE; 漆原雪人; F社; 幼女; 司田カズヒロ; 魔法少女; 马猴烧酒; PC; 忍,245
AIR,,,2643,key; 麻枝准; Galgame; air; 鸟之诗; 催泪; 泣きゲー; 观铃; 神作; 国歌,159
Clover Day's,幸运草的约定,クローバーデイズ、CLD、幸运草的约定,2640,Galgame; alcot; 桐谷华; 废萌; 双子; 妹控; 萝莉; 妹; 妹！; 输在起跑线系列,2711
マルコと銀河竜,丸子与银河龙,Marco and the Galaxy Dragon,2639,Galgame; 全年龄; TOKYOTOON; CG超赞; はと; PC; 百合; 2020; ADV; 大空樹,1638
DRACU-RIOT!,,ドラクリオット,2617,柚子社; Galgame; 废萌; 吸血鬼; 纯爱; ゆずソフト; Yuzu-Soft; PC; 汉化; GAL,3851
月姫,月姬,Tsukihime: Blue Blue Glass Moon、Under The Crimson Air、Moon Princess,2549,Type-Moon; 奈须きのこ; Galgame; 月姬; 武内崇; 月世界; PC; 奈須きのこ; 18X; GAL,270
いろとりどりのセカイ,五彩斑斓的世界,Colorful World、Irotoridori No Sekai - The Colorful World、色鸟鸟,2482,FAVORITE; Galgame; 色鸟鸟; 漆原雪人; 司田カズヒロ; いろとりどりのセカイ; PC; 杏子御津; 澤田なつ; GAL,1756
うみねこのなく頃に,海猫鸣泣之时,When They Cry 3、When The Seagulls Cry,2477,竜騎士07; 海猫; 推理; 龙骑士07; Galgame; 悬疑; 同人游戏; 07th_Expansion; AVG; PC,124
キラ☆キラ,KIRA☆KIRA 煌煌舞台,KiraKira,2471,瀬戸口廉也; Galgame; OVERDRIVE; 死生観; 青春; kira☆kira; PC; 2007; GAL; キラ☆キラ,109
大図書館の羊飼い,大图书馆的牧羊人,a good librarian like a good shepherd,2409,AUGUST; Galgame; 八月社; 桐谷华; 八月脸; 大圖書館的牧羊人; 废萌; GAL; PC; 小太刀,1600
腐り姫 ～euthanasia～,腐姬,,2351,星空めてお; Galgame; Lair-soft; 腐り姫; 优秀的氛围; 乱伦; 乡愁; 妹控; Liar-soft; PC,211
マブラヴ,Muv-Luv,MUV-LUV Save in the name of true love、Muv-Luv Extra&Unlimited,2328,Galgame; muv-luv; âge; PC; EXTRA&UNLIMITED; 鑑純夏; 2003; マブラヴ; GAL; 御剣冥夜,5637
妹調教日記～こんなツンデレが俺の妹なわけない！～,妹调教日记,妹调教日记~这么傲娇不可能是我的妹妹~、妹调,2321,Galgame; 调教; 妹控; 拔作; 黑化; Gal吧三神作; PC; 妹调教; 我已经死了; NANACAN,10481
CHAOS;HEAD,混沌头,ChäoS;HEAd、C;H、カオスヘッド、カオヘ,2305,Nitro+; Galgame; 5pb; 猎奇; 悬疑; 混沌头; 死宅的妄想力可是很强大的; PC; 林直孝; N+,4161
枯れない世界と終わる花,永不枯萎的世界与终结之花,永不枯萎的世界与终之花、The rainbow appears after flowering rain.、karehana、kareseka、不败世界与终焉之花、永不枯萎的世界与终结之花,2261,Galgame; SWEET&TEA; 桐谷华; 萝莉; 秋野花; あめとゆき; 氛围gal; 好漂亮; 2016; PC,5854
死に逝く君、館に芽吹く憎悪,逝去的你、于馆中萌生的憎恶,"Shi ni Yuku Kimi, Yakata ni Mebuku Zouo、にくにく、Nikuniku、死馆、逝去的你，馆里苏醒的罪恶",2258,猎奇; Galgame; 和泉万夜; 重口; R-18G; るび様; 过激; 初心者回避; 拔作; PC,8592
家族計画,家族计划,Kazokei、KK、FP、家计、家族計画 ～絆箱～、家族計画 ～追憶～,2244,田中ロミオ; Galgame; 家族计画; 田中罗密欧; D.O.; 神作; 剧情流; 家族; PC; 2001,152
Making*Lovers,突然＊恋人,メイキング・ラバーズ,2220,SMEE; Galgame; 纯爱; 甜; 甜作; 早瀬ゆう; 妹; 废萌; 汉化; 2017,1649
月影のシミュラクル -解放の羽-,月影魅像-解放之羽-,月影幻像、解放之羽、入木三分,2207,Galgame; 悬疑; 桐月; 人偶; あっぷりけ; 纯爱; 汉化; 2017; GAL; PC,4192
ランス9 ヘルマン革命,兰斯9 赫尔曼革命,Rance 9 - The Helman Revolution -、ランスⅨ,2204,alicesoft; 兰斯; Galgame; SLG; RPG; 游戏性; PC; R18; 2014; GAL,199
恋愛、借りちゃいました,,恋爱？那就给钱吧、れんかり、Renkari、Renai Karichaimashita、こいかり、Renai Karichaimashita: Koikari - Love For Hire、借恋,2179,Galgame; ASa_Project; 三角恋; 废萌; Asa; 租借男友; 世界名画; 富婆; 2019; ASaProject,4613
虚ノ少女,虚之少女,Kara no Shoujo 2、殻2、ウロ、Uro no Shoujo、KnS2、虚少,2175,InnocentGrey; Galgame; 杉菜水姫; 猎奇; 致郁; 悬疑; 冬子走好; 鈴鹿美弥; PC; GAL,1836
ソレヨリノ前奏詩,永不落幕的前奏诗,yorino、ヨリノ、それよりのぷろろーぐ、Soreyori no Prologue,2169,minori; Galgame; 巨乳诗; ソレヨリノ前奏诗; 御影; 天門; 镜游; 永远; 汉化; 2015,2673
青い空のカミュ,青空下的加缪,BSC、Camus in The Blue Sky、青空下的卡缪,2105,Galgame; 电波; 百合; 萝莉; 哲学; KAI; 剧情作; 阿尔贝·加缪; 凌辱; 〆鯖コハダ,3370
黄昏のシンセミア,黄昏的禁忌之药,Sinsemia、Shinsemia、Shinsemilla,2101,Galgame; 妹控; 实妹; 桐月; 强力黑长发实妹; あっぷりけ; 妹; GAL; 汉化; PC,1451
ましろ色シンフォニー -Love is Pure White-,纯白交响曲,Love is pure white、Mashifoni、ましフォニー,2086,Galgame; 纯白交响曲; 和泉つばす; Palette; 妹控; 标准GAL; PC; ぱれっと; GAL; 濑名爱理,2862
アオイトリ,青鸟,Blue Bird、Caged Bird,2056,Galgame; Purplesoftware; 紫社; 御影; 克; 吸血鬼; 拔作; 2017; PC; 妹,2065
フレラバ ～Friend to Lover～,,FL、Friend Lover、朋友恋人、FTL、Fureraba、Fureraba ～Friend to Lover～,2041,SMEE; Galgame; 纯爱; 糖; 甜作; 早瀬ゆう; 治愈; 甜甜甜; 幼馴染; 汉化,704
金色ラブリッチェ -Golden Time-,金辉恋曲四重奏 -Golden Time-,金恋GT、KinkoiGT、Kiniro Loveriche -Golden Time-、金色Loveriche -Golden Time-,2032,Galgame; SAGAPLANETS; さかき傘; FD; 水月陵; 理亜; 暖人心田; 2019; PC; 废萌,1543
蒼の彼方のフォーリズム EXTRA2,苍之彼方的四重奏 EXTRA2,Aokana Extra2,2031,Galgame; sprite; 蒼の彼方のフォーリズム; FD; 美咲; 竞技; 渡辺僚一; 燃; 2022; PC,190
パルフェ ～chocolat second brew～,女仆咖啡帕露菲,纯爱咖啡厅、Parfait ~Chocolat Second Brew~”Re-order”,1954,丸戸史明; Galgame; 戏画; 戯画; 帕露菲; 女仆; GIGA; 日常的感人; 日常; GAL,469
水葬銀貨のイストリア,水葬银货的伊斯特利亚,Istoria of SuisouGinka、水葬银币的伊斯特里亚,1953,Galgame; 桐葉; ルクル; 致郁; ウグイスカグラ; 水葬銀貨のイストリア; 妹; 压抑; 赌博; 2017,2490
月姫 -A piece of blue glass moon-,月姬 -A piece of blue glass moon-,Tsukihime Remake、Tsukihime Rebirth、月姬R,1909,Type-Moon; Galgame; 奈须きのこ; 有生之年; 2021; NS; AVG; PS4; GAL; ADV,269
向日葵の教会と長い夏休み,向日葵的教会与长长的暑假,Himanatsu、ひまなつ、Himawari no Kyoukai to Nagai Natsuyasumi,1908,枕; Galgame; 狗神煌; SCA-自; 治愈; 童话; 艹猫; GAL; 光源氏计划; 汉化,931
美少女万華鏡 -かつて少女だった君へ-,美少女万华镜 -献给曾是少女的你-,美少女万華鏡２．５、Biman 2.5,1897,Galgame; 拔作; 八宝備仁; ωstar; 美少女万华镜; PC; 八宝备仁; 2014; GAL; 动态CG,9767
Memories Off 2nd,秋之回忆2,memoff2、Memo-Off 2、メモオフ2、メモリーズオフ セカンド、告别回忆2、MO2,1888,秋之回忆; KID; Galgame; 白河萤; 水树奈奈; 雨何时会停; GAL; MO2; 燕老师！; PSP,345
カルタグラ ～ツキ狂イノ病～,恋狱～月狂病～,Karutagura ~Tsuki-gurui no Yamai~,1862,InnocentGrey; Galgame; 杉菜水姫; 猎奇; 悬疑; 恋狱~月狂病; PC; GAL; 飯田和彦; AVG,1409
天ノ少女,天之少女,Kara no Shoujo 3、Ama no Shoujo、kns3、【穗见学园汉化组汉化组】,1833,InnocentGrey; Galgame; 杉菜水姫; 悬疑; 天ノ少女; 推理; 猎奇; 有生之年; 鈴鹿美弥; PC,300
白昼夢の青写真,白日梦的构想图,夢青、Musei、The girl who's called the world、yonagi,1822,Galgame; Laplacian; 白毛; 緒乃ワサビ; 浅川悠; 剧情向; 2020; 白发; PC; GAL,1673
絆きらめく恋いろは,牵绊闪耀的恋之伊吕波,めくいろ、Mekuiro、羁绊辉耀的恋之伊吕波、永远的羁绊与恋爱之歌、羁绊辉煌恋爱入门,1818,Galgame; CRYSTALiA; 椿; 姐姐; 王道系; 朱雀院; 幼驯染; PC; 大桥步夕; 2017,7373
アマカノ2,甜蜜女友2,,1812,Galgame; 纯爱; あざらしそふと; 海豹社; ピロ水; 黑长直; 2020; R18; PC; 汉化,1916
Evenicle -イブニクル-,夏娃年代记,Evenicle,1796,alicesoft; RPG; Galgame; 后宫; 游戏性; PC; 战斗; 八重樫南; GAL; 汉化,1731
天神乱漫 -LUCKY or UNLUCKY!?-,天神乱漫 -LUCKY or UNLUCKY!?-,,1795,柚子社; Galgame; 废萌; 校园; 欢乐; 纯爱; Yuzu-Soft; 妹; ゆずソフト; 妹控,5201
星空のメモリア -Wish upon a shooting star-,星空的记忆 -Wish upon a shooting star,Hoshizora no Memoria -Wish upon a Shooting Star-、星空的记忆,1774,FAVORITE; Galgame; 星空のメモリア; 纯爱; 死神loli; 乙津夢姐姐; PC; 金发巫女蹭得累; GAL; 感動,741
冥契のルペルカリア,冥契的牧神节,るぺかり、Rupekari、Meikei no Lupercalia,1765,Galgame; ルクル; 桐叶; ウグイスカグラ; 妹; 桐葉; 剧情; 2021; 御苑生メイ; PC,1271
フタマタ恋愛,恋爱成双,ふたこい、Futakoi、劈腿恋,1760,Galgame; ASaProject; 颜艺社; 渣男; 废萌; 2022; 幼驯染; 大学; 搞笑; 白毛,5444
いろとりどりのヒカリ,五彩斑斓的曙光,The Eternal Chapter In World's End Tale、Colorful Light、Irohika、光鸟鸟,1757,FAVORITE; Galgame; 光鸟鸟; 真红; 史上最强FD; 漆原雪人; 福圆美里; 二阶堂真红是本命; GAL; いろとりどりのヒカリ,871
この青空に約束を―,青空下的约定,こんにゃく、Konnyaku、The Promise I made over this Blue Sky、この青空に约束を―,1745,丸户史明; Galgame; 戯画; この青空に約束を; 青春; GIGA; 丸戸史明; 友情; GAL; 約束の日,660
ライムライト・レモネードジャム,橘光柠水随想曲,LimeLight Lemonade Jam、聚光灯下的青柠恋曲、逐光柠檬协奏曲,1738,Galgame; 柚子社; 废萌; Yuzusoft; さかき傘; 2025; PC; 夏和小; ゆずソフト; Windows,4134
ネコぱら vol.1 ソレイユ開店しました！,,Cats Paradise、巧克力和香草、巧克力与香子兰、NEKOPARA Vol. 1,1733,Galgame; 猫娘; 拔作; 艹猫; sayori; PC; 巧克力香子兰; 艹猫狂魔; STEAM; NEKOWORKs,9009
千の刃濤、桃花染の皇姫,千之刃涛、桃花染之皇姬,"千桃、Senmomo、Sen no Hatou, Tsukisome no Kouki",1727,AUGUST; Galgame; 八月社; 遥そら; GAL; 高森奈津美; PC; 榊原拓; 汉化; 2016,4953
"ノラと皇女と野良猫ハート -Nora, Princess, and Stray Cat.-",野良与皇女与流浪猫之心,Noratoto、ノラとと、노라토토,1723,Galgame; 桐谷华; HARUKAZE; 欢乐; 无厘头; 小鸟居夕花; 遥そら; 良心制作！; 浅川悠; 2016,2835
家族計画 ～そしてまた家族計画を～,家族计划~再开~,,1705,田中ロミオ; Galgame; 田中罗密欧; FD; D.O.; FanDisc; fandisk水准之作; 高屋敷開発; PC; 2004,26
リアル妹がいる大泉くんのばあい,实妹相伴的大泉君,Riaimo、Real Imouto gairu Ooizumikun no Baai,1695,Galgame; 妹控; ALcotハニカム; 妹系; alcot; 妹; 妹ゲー; PC; 妹と共に生きるADV; 汉化,3203
ランス・クエスト,兰斯8,Rance8、RanceVIII、Rance quest,1687,alicesoft; 兰斯; Galgame; RPG; 女儿; 兰斯8; PC; 游戏性; R18; 2011,1706
天色＊アイルノーツ,天色幻想岛,天色Islenauts,1686,柚子社; Galgame; 废萌; 天色＊アイルノーツ; ゆずソフト; 桐谷华; 淫行教师; Yuzu-Soft; PC; GAL,9336
さよならを教えて 〜comment te dire adieu〜,对你说再见～comment te dire adieu～,Sayooshi、さよ教、sayo教,1678,Galgame; 电波; 狂气; 三大電波ゲー; 精神猎奇; craftwork; 致郁; 長岡建蔵; 狂気; PC,1695
魔女こいにっき,魔女恋爱日记,まじょこいにっき、MajoNikki,1662,新岛夕; Galgame; 狗神煌; 水月陵; qoobrand; 暖人心田新岛夕; GAL; 新島夕; 2014; PC,2849
ディメンション凸ラバース!!,超次元恋人！！,次元突入恋人、次元错位恋人,1637,Galgame; CRYSTALiA; 水晶社; 逢縁奇演; 白毛; 2026; PC; 妹; R18; 游戏,465
うたわれるもの,传颂之物,Uta (うた)、Uta1、The One Being Sung、The One of Whom Legends Are Sung、Legendsung、受讚颂者,1636,leaf; Galgame; 传颂之物; 兽耳; SLG; Aquaplus; PC; 经典之物; SRPG; GAL,628
蒼の彼方のフォーリズム EXTRA1,苍之彼方的四重奏 EXTRA1,Aokana Extra1,1620,Galgame; sprite; FD; 蒼の彼方のフォーリズム; 狗粮; 雪碧社; PC; 马西罗酱卡哇伊！; 青春; 2017,2886
GINKA,,,1619,Galgame; FrontWing; 全年龄; 紺野アスタ; 松本文纪; 長谷川育美; ゆさの; 2023; GAL; 短篇,9659
ハルカナソラ,悠之空,HnS、ヨスガノソラ Fun Disk、Yosuga no Sora Fandisk,1605,Galgame; sphere; 妹控; 春日野穹; 悠之空; FD; 穹妹; 缘之空; PC; R18,6756
かりぐらし恋愛,寄宿之恋,Karigurashi Renai,1578,Galgame; 顏艺社; ASa_Project; 欢乐; 废萌; ASaProject; 石原舞; 2018; 幼なじみ; 纯爱,4829
遥かに仰ぎ、麗しの,遥仰凰华,遥麗、Haru Uru、하루우루、かにしの、kanishino、かにぎしの、kanigishino、仰望那份遥远的美丽,1575,Galgame; pulltop; 师生恋; 遥かに仰ぎ、麗しの; 健速; 丸谷秀人; 师生; 北都南; PC; GAL,1580
車輪の国、悠久の少年少女,车轮之国、悠久的少年少女,"Sharin Fandisk、Sharin FD、車輪FD、車輪悠久、Wheel Country, Youth of Eternity",1573,Galgame; AKABEiSOFT2; るーすぼーい; FD; 车轮之国、悠久的少年少女; PC; GAL; 2007; fandisk; AB2,897
うたわれるもの 偽りの仮面,传颂之物-虚伪的假面-,うたわれるもの2、Utawarerumono: The False Faces、受讚颂者 虚伪的假面,1561,传颂之物; Galgame; leaf; Aquaplus; 兽耳; SLG; SRPG; PSV; 经典之物; PS4,467
時計仕掛けのレイライン -黄昏時の境界線-,时钟机关的Ley-line-黄昏时刻的境界线-,A Clockwork Ley-Line: The Borderline of Dusk,1541,Galgame; 時計仕掛けのレイライン; 分割商法; 悬疑; 水月陵; PC; 侦探剧; ユニゾンシフト; 汉化; GAL,5604
智代アフター 〜It’s a Wonderful Life〜,智代After ～It's a Wonderful Life～,Tomoyo After ~It's a Wonderful Life~、智代After,1532,key; Galgame; 智代; 麻枝准; 感人; PC; 催泪弹; GAL; 2005; 崩坏,2521
うたわれるもの 二人の白皇,传颂之物-二人之白皇-,Utawarerumono 3、受讚颂者 二人的白皇,1529,传颂之物; Galgame; leaf; 二人的白皇; Aquaplus; SRPG; PS4; 续作; PSV; 兽耳,253
きまぐれテンプテーション,异想魅惑,きまテン、Kimaten、魅魔星奏,1527,Galgame; きみしま青; 纯爱; 悬疑; 拔作; シルキーズプラス; 2019; 动态CG; E-mote; 歩サラ,2775
FLOWERS - Le volume sur printemps -,FLOWERS 春篇,Flowers Haru-hen、Flowers1、FLOWERS -The volume of spring-、The tale of the girls who grow with a season、Yurigure,1503,百合; InnocentGrey; Galgame; 杉菜水姫; 全年龄; PC; 2014; 志水はつみ; 推理悬疑; ADV,2517
CARNIVAL,狂欢节,カーニバル,1491,瀬戸口廉也; Galgame; 狂气; FlyingShine; OP欺诈; 烂户口; PC; GAL; S.M.L; 2004,1611
廃村少女 ～妖し惑ひの籠の郷～,废村少女 ～妖异魅惑的笼之乡～,はいそんしょうじょ ～あやし まどいの かごのさと～、废村少女,1491,Galgame; 拔作; 民俗; Escu:de; 悬疑; R18; 御苑生メイ; 2022; PC; ADV,5079
夏ノ鎖,夏之锁,Natsuno Kusari、[联合汉化],1491,CLOCKUP; Galgame; 监禁; 拔作; 浅生詠; 调教; R18; 狂气; PC; 2016,5413
時計仕掛けのレイライン-朝霧に散る花-,时钟机关的Ley-line-朝雾中飘零之花-,A Clockwork Ley-Line: Flowers Falling in the Morning Mist,1490,Galgame; 時計仕掛けのレイライン; 悬疑; 水月陵; 分割商法; ユニゾンシフト; PC; ユニゾンシフト：ブロッサム; GAL; 2015,651
グリザイアの果実,灰色的果实,グリカジ、gurikaji、Grikaji、Gray Scale、World's end、Le Fruit De La Grisaia、The Fruit of Grisaia、灰果,1480,Galgame; FrontWing; 灰色系列; GAL; PC; A神的果實; 2011; 橋本みゆき; 茶太; ADV,873
月に寄りそう乙女の作法2,近月少女的礼仪2,Tsuriotsu 2,1480,Galgame; Navel; 伪娘; 女装; 西又葵; 月に寄りそう乙女の作法; 鈴平ひろ; GAL; 2014; 大小姐,5121
終ノ空 remake,终之空 remake,End Sky Remake、TsuiRE、TnSR,1467,SCA-自; Galgame; 电波; ケロＱ; 哲学; 多视点; 2020; 枕系; 百合; PC,1547
うみねこのなく頃に散,海猫鸣泣之时散,When They Cry 4、When the Seagulls Cry Breakdown,1464,竜騎士07; Galgame; 悬疑; 推理; 07th_Expansion; 猫箱; 龙骑士07; 魔女幻想; 同人; PC,51
Kanon,,,1459,key; Galgame; 麻枝准; Kanon; 久弥直樹; 催泪; 樋上いたる; 泣きゲー; PC; GAL,723
時計仕掛けのレイライン －残影の夜が明ける時－,时钟机关的Ley-line-残影之夜将明时-,A Clockwork Ley-Line -Daybreak of Remnants Shadows-,1455,Galgame; 悬疑; 時計仕掛けのレイライン; 水月陵; 分割商法; ユニゾンシフト; PC; ユニゾンシフト：ブロッサム; GAL; 2013,731
暁の護衛,晓之护卫,AkaGoei、Guard of Daybreak、曉之護衛,1415,Galgame; 晓之护卫; 衣笠彰梧; 搞笑; 大小姐; AKABEiSOFT2; 無限軌道; 吐槽; AB2; しゃんぐりら,4078
LOOPERS -ルーパーズ-,时廻者,ルーパーズ、L∞PERS,1396,key; Galgame; 竜騎士07; 全年龄; 望月けい; 2021; PC; GAL; 小品; ADV,9170
何度目かのはじめまして,几度相逢若初见,第几次初次见面、Nice to Meet You Again,1387,Galgame; 紫社; 克; 轮回; さかき傘; Purplesoftware; R18; 悬疑; PC; 2025,1227
夏空カナタ,夏空彼方,Beyond the Summer Sky、Natuzora Kanata、Natsukana、夏カナ,1375,柚子社; Galgame; 催泪; ゆずソフト; 记忆轮回; 夏空カナタ; Yuzu-Soft; GAL; PC; 汉化,2547
エッチで一途なド田舎兄さまと、古式ゆかしい病弱妹,痴情哥哥与病弱妹妹的乡间生活,"痴情哥哥與病弱妹妹的鄉間生活、A Sex-obsessed Brother in the Country, and his Traditional, Sickly Sister、음흉하고 한결같은 깡촌 오라버니와, 예스럽고 병약한 여동생、ド田舎兄妹、田舍兄妹",1371,Galgame; 拔作; 妹; 实妹; RPG; SisterPosition; K子; 妹控; PC; 游戏,5728
ファタモルガーナの館 -Another Episodes-,海市蜃楼之馆 -A Requiem for Innocence-,The House in Fata Morgana -Another Episodes-,1368,Galgame; Novectacle; 同人; 必玩续作; 全年龄; AVG; 悬疑; FD; PC; 縹けいか,91
11eyes -罪と罰と贖いの少女-,11eyes -罪与罚与赎的少女-,"Sin, Damnation and the Atonement Girl",1354,Galgame; Lass; 11eyes罪と罚と赎いの少女; 猎奇; GAL; PC; 美鈴は俺の嫁！; 我爱草壁; 18X; PSP,2564
3days ～満ちてゆく刻の彼方で～,3days ～在逝去时间的另一端～,3days ~Till Death Do Us A Part~,1312,猎奇; Galgame; Lass; 轮回3日; 重口; 超展开; 狂気; 3days; 纯爱; loop,6053
無限煉姦～恥辱にまみれし不死姫の輪舞～,无限炼奸 ~不死舞姬的凌辱轮舞曲~,Eternal Purgatory、无限炼奸,1311,和泉万夜; Galgame; 拔作; 纯爱; 猎奇; Liquid; 剧情赞; 致郁; PC; 过激,1401
夏空のペルセウス,夏空的英仙座,The Brave Under The Summer Sky.、夏色天空下的珀尔修斯、Natsupers、夏ペル、Natsuzora no Perseus,1303,minori; Galgame; 巨乳村; 妹控; 御影; 夏空のペルセウス; 妹; 鏡遊; 兄控; GAL,7896
この世の果てで恋を唄う少女YU-NO,在世界尽头咏唱恋曲的少女YU-NO,A girl who chants love at the bound of this world、Yu-No、Koihate、yuno、YU-NO,1294,Galgame; ELF; 菅野ひろゆき; yu-no; 轮回; 神作; 悬疑; 科幻; AVG; PC,110
ヒラヒラヒヒル,Hira Hira Hihiru,,1294,瀬戸口廉也; Galgame; 全年龄; ANIPLEX.EXE; 视觉小说; 2023; PC; BA-KU; MANYO; AVG,593
FLOWERS - Le volume sur été -,FLOWERS 夏篇,Flowers Natsu-hen、Flowers2、FLOWERS -The volume of summer-,1281,百合; InnocentGrey; Galgame; 杉菜水姫; 全年龄; 佐仓大法; 文艺百合; PC; 2015; GAL,326
出会って5分は俺のもの！ 時間停止と不可避な運命,5分钟的邂逅！时间停止与不可避免的命运！,The inevitable destiny opened by an Atropos watch、Atropos、アトロポス、俺不可避、orefukahi、相见5分属于我！ 时间停止和不可避的命运、相遇之后的5分钟属于我！时间停止与不可避的命运,1280,Galgame; Hulotte; 时停; 池上茜; 纯爱; 妹; 银发教会; 2018; 废萌; くすはらゆい,7046
アマカノ2+,甜蜜女友2+,,1276,Galgame; 纯爱; あざらしそふと; 海豹社; ピロ水; 黑长直; 2020; R18; PC; 汉化,505
鬼哭街,鬼哭街,鬼哭街 -The Cyber Slayer-,1276,Nitro+; 虚渊玄; Galgame; 妹控; 武侠; 腹黑妹妹控兄记; 魔都; PC; 虚淵玄; 猎奇,2297
アメイジング・グレイス -What color is your attribute?-,奇异恩典·圣夜的小镇,あめぐれ、奇异恩典圣夜的小镇、Amazing Grace -What color is your attribute?-,1244,Galgame; 冬茜トム; 梱枝りこ; きゃべつそふと; 悬疑; 轮回; 2018; CabbageSoft; PC; 汉化,1514
Memories Off,秋之回忆,memof、Memo-Off、メモオフ、告别回忆、秋之回忆1、MO1,1239,KID; 秋之回忆; Galgame; 雨何时会停; 一代; GAL; PSP; MO; PC; 1999,1305
女装山脈,女装山脉,3myaku,1232,Galgame; 伪娘; yoooooooo; 路西法，这是我这个月的灵魂！; 脳内彼女; PC; 攻略伪娘的终极结局是让其怀孕生子; 拔作; 2011; 我体内的怪物已经变得这么大了,9023
パラノマサイト FILE23 本所七不思議,灵视异闻 FILE23 本所七大不可思议,,1223,悬疑; AVG; 恐怖; SquareEnix; 灵异; 推理; PC; meta; ADV; Galgame,2038
ひぐらしのなく頃に,寒蝉鸣泣之时,Higurashi、When They Cry、寒蝉,1220,Galgame; 龙骑士07; 寒蝉鸣泣之时; 悬疑; 竜騎士07; 猎奇; 解谜; 恐怖; PC; 轮回,183
彼女のセイイキ,她的圣域,,1196,feng; Galgame; 拔作; 涼香; 黑长直; 黑丝; 遥そら; PC; 拔; 汉化,8475
星空のメモリア Eternal Heart,星空的记忆 Eternal Heart,Hoshimemo Fandisc,1191,FAVORITE; Galgame; 星空のメモリア; FD; 乙津夢姐姐，嫁给我吧~; 乙津梦; 梅娅赛高; PC; 星空のメモリアEH; GAL,1336
生命のスペア,生命的备件,I was born for you、inosupa、生命的备件,1185,Galgame; 纯爱; あかべぇそふとすりぃ; 泣きゲー; 中島大河; 生死观; AB3; PC; 期望值落差; R18,5772
120円の春,120日元之春,ひゃくにじゅうえんのはる、Hyakunijuu En no Haru、￥120 Stories、120 Yen Stories,1175,Galgame; 片岡とも; 120円; 猫猫社; 治愈; 清新; ねこねこソフト; 全年龄; PC; GAL,2800
Memories Off 〜それから〜,秋之回忆：从今以后,memoff4、Memo-Off 4、メモオフ4、告别回忆4、秋之回忆4、MO4、メモリーズオフ ～それから～,1172,秋之回忆; KID; Galgame; 从今以后; 雨何时会停; MO; PSP; GAL; PC; ADV,1035
きっと、澄みわたる朝色よりも、,从晴朗的朝色泛起之际开始,"Asairo, Kissumi",1168,Galgame; 朱门优; propeller; 神音乐; 樋口秀樹; きっと、澄みわたる朝色よりも; 神剧情; GAL; PC; 雰囲気がいい,1324
Phantom PHANTOM OF INFERNO,幻灵镇魂曲,ファントム、PoI、幻灵 -徬徨于无限地狱-、Phantom,1160,Nitro+; 虚渊玄; Galgame; PC; 虚淵玄; GAL; 少年少女打手枪; N+; 神作; 中央东口,320
加奈 〜いもうと〜,加奈妹妹,Kana: Imouto、Kana: Little Sister,1147,田中ロミオ; Galgame; 妹控; 死生観; 今日、海を見た。もう怖くない。; D.O.; 妹ゲー; 妹; 高屋敷開発; 生死观,434
アストラエアの白き永遠,星辰恋曲的白色永恒,星辰少女的白色永远、Elfin song's an unlimited expanse of white、White Eternity of AstralAir、AstralAir no Shiroki Eien、星辰少女的纯白永恒,1134,FAVORITE; Galgame; 司田カズヒロ; 萝莉; 桐谷华; PC; 妹; 汉化; GAL; FD才是正篇系列,2933
フローラル・フローラブ,花之天使的夏日恋歌,フロフロ、Floflo、Floral Flowlove,1127,SAGAPLANETS; Galgame; 秋野花; 汉化; 水月陵; 宗教; 石原舞; PC; 声控福利; 2016年7月,2513
まいてつ,爱上火车,Maitetu、铁道共舞,1119,Galgame; 萝莉; lose; 艹火车; 桐谷华; 动态CG; GAL; 幼女控; PC; 2016,4949
できない私が、くり返す。,若能与你再次相见,时钟物语、苹果妹、Time leap,1118,Galgame; あかべぇそふとすりぃ; 死生观; re:call; 回到过去; 中島大河; 霜月遥; 穿越; 2014; 催泪,2467
誰が殺したコマドリを,谁杀死了知更鸟,Qui a tué Cock Robin、Who killed the robin?、是谁杀死了知更鸟,1109,Galgame; 百合; NTR; 十二神器; 阴暗系; 拔作; 虐心; 郁系; PC; スマイル戦機,10424
晴のちきっと菜の花びより,晴霁之后定是菜花盛开的好天气,宛如雨后天晴菜花开、Haruno、Nanohana、Harenochi Kitto Nanohana Biyori、雨过天晴必定花开日和、晴菜花,1107,Galgame; Parasol; 幼驯染; 比惨大会; 强行催泪; 萝莉; 暖人心田; 門脇舞以; 汉化; 2014,7798
恋愛×ロワイアル,恋爱X决胜战,恋ロワ、Koirowa、Renai X Royale - Love's a Battle,1102,Galgame; ASa-Project; 喜剧; 小鳥居夕花; ASaProject; 幼驯染; 废萌; 颜艺社; 妹; 2020,7293
Christmas Tina -泡沫冬景-,Christmas Tina -泡沫冬景-,クリスマスティナ、クリティナ,1101,片岡とも; Galgame; 中日合作; nekoday; GAL; PC; STEAM; AVG; 田口宏子; ADV,4302
お兄ちゃん、朝までずっとギュッてして！,哥哥，早上起床之前都要抱紧我哦！,"OniGyu、おにギュ、妹抱、Onii-chan, Keep Hugging Me Tight Until Morning Comes!、Big Brother, Keep Hugging Me Tight Until Morning Comes!、Hold Me Tight All Night, Onii-chan!",1100,Galgame; 妹控; 萌拔; 妹; 萝莉; 拔作; Tinkle_Position; 妹系; K子; 2018,6867
如月真綾の誘惑,如月真绫的诱惑,Kisaragi Maaya no Yuuwaku、Temptation of Elder Sister、oneyuu、如月真绫的诱惑,1096,拔作; Galgame; 姐; 唯々月たすく; 姐姐的诱惑; 实用; 射爆; 巨乳; 汉化; PC,7187
恋がさくころ桜どき,恋花绽放樱飞时,Saku Saku、恋爱在樱开之时、恋爱绽放樱飞时,1091,Galgame; 和泉つばす; 调色板; ぱれっと; 实妹; 纯爱; Palette; 妹; 汉化; PC,8611
グリザイアの楽園,灰色的乐园,The Eden of Grisaia,1086,Galgame; FrontWing; 灰色系列; 姐姐; GAL; 续作; A神的乐园; PC; 2013; 大片,754
ネコぱら vol.2 姉妹ネコのシュクレ,,NEKOPARA vol.2 Des soeurs filles-chat tres gentilles、Cats Paradise 2,1081,Galgame; 艹猫; 拔作; sayori; PC; STEAM; 猫娘; NEKOWORKs; 后宫; GAL,9156
真愛の百合は赤く染まる,真爱的百合被染成红色,まなかし、Manakashi、真爱百合、真爱的百合被染成红色,1080,百合; 猎奇; 和泉万夜; Galgame; るび様; 重口; 过激; R18G; 2019; NTR,10237
紅い瞳に映るセカイ,你朱眸里的五彩世界,A World Reflected in Red Eyes、World's End Love Will Last Forever、Akaseka、你朱眸里的五彩世界、红鸟鸟,1072,FAVORITE; Galgame; 漆原雪人; 真红大法好; 红鸟鸟; FD; 紅い瞳に映るセカイ; 福圆美里; PC; 2015,4220
Forest,,フォレスト,1069,星空めてお; Galgame; Liar-soft; 哲学; 文学; PC; 星空欺负俺们文盲; 2004; GAL; ADV,90
高考恋爱100天,,Gaokao Love 100 Days、高考恋爱100天、Gao Lian、高恋,1068,国产; Galgame; 高考; 校园; 橘子班; PC; STEAM; 落叶岛; 2014; 写实,5868
仄暗き時の果てより,来自昏暗的时间尽头,来自昏暗的时间尽头、仄暗,1048,Galgame; 悬疑; 恐怖; 克苏鲁; moonstone; 猎奇; 老吴; 妹; 呉; 妹控必玩,2160
続・殺戮のジャンゴ —地獄の賞金首—,续·杀戮之姜戈—地狱通缉犯—,Tre Donne Crudeli、Zoku Satsuriku no Jango,1042,Nitro+; 虚渊玄; Galgame; 西部; 革命; 燃; 虚淵玄; PC; Nitroplus; 2007,266
恋と選挙とチョコレート,恋爱和选举和巧克力,"恋チョコ、Koi to Senkyo to Chocolate - Love, Election and Chocolate、恋爱与选举与巧克力",1033,Galgame; sprite; 恋と選挙とチョコレート; 校园; 画风美; 2010; 超展开; PC; GAL; 欢乐向,6782
ジュエリー・ハーツ・アカデミア -We will wing wonder world-,宝石心学园,ジュエハ,1016,Galgame; 冬茜トム; しらたま; きゃべつそふと; 萝莉; 2022; PC; 兽耳; GAL; CabbageSoft,2825
FLOWERS - Le volume sur automne -,FLOWERS 秋篇,Flowers Aki-hen、Flowers3、FLOWERS -The volume of autumn-,1015,百合; InnocentGrey; Galgame; 杉菜水姫; 全年龄; FLOWERS; PC; 志水はつみ; 2016; GAL,297
グリザイアの迷宮,灰色的迷宫,Grisaia no Meikyuu -Le Labyrinthe de la Grisaia-、The Labyrinth of Grisaia,1009,Galgame; FrontWing; 灰色系列; GAL; A神的迷宫; PC; FD; 故事性; 渡辺明夫; 2012,1021
ピュア×コネクト,与你心相连,Pure x Connect、PURE×CONNECT、纯白链接,1009,SMEE; Galgame; 早瀬ゆう; 糖; 甜; 幼馴染; 搞笑; 2015; PC; 幼驯染,1455
恋愛0キロメートル,恋爱0公里,Zerokiro、renzero、恋0、恋零,1007,Galgame; ASaProject; 搞笑; 颜艺; 欢乐; 颜艺帝; 幼驯染; 汉化; 诺基亚; 清水爱,4445
ふゆから、くるる。,冬暮川滚滚,ふゆくる、Fuyukuru,1000,Galgame; 渡辺僚一; 百合; 悬疑; シルキーズプラス; futa; 扶她; 2021; あめとゆき; 科幻,2612
I/O,,アイオー、I/O revision II,997,中泽工; Galgame; 田中ロミオ; 悬疑; 賽博朋克; 全年龄; PC; AVG; 世界观; 中澤工,324
リトルバスターズ！,Little Busters!,Little Busters!,988,key; Galgame; 麻枝准; 友情; 催泪; 神作; PC; GAL; 2007; ADV,138
LOVELY×CATION,,ＬＯＶＥＬＹ×Ｃ∧ＴＩＯＮ、ラブリ×ケーション、Start of daydream that continues through all eternity、L×C,987,Galgame; 纯爱; 暁WORKS-響-; 拔作; 实用; LOVELY×CATION; PC; 汉化; GAL; 唯唯月,5633
セレクトオブリージュ,天选庶民的真命之选,,987,Galgame; まどそふと; 柚子奈; 废萌; 柚子奈ひよ; 秋野花; 2024; 若葉祥慶; 游戏; 妹,10370
俺たちに翼はない,我们没有翅膀,おれつば、Oretsuba、We Don't Have Wings、We Without Wings,986,Galgame; Navel; 王雀孫; 西又葵; 我们没有翅膀; 日语白学; 人格分裂; 我们不懂日语; PC; GAL,179
創作彼女の恋愛公式,创作彼女的恋爱方程式,创作彼女的恋爱公式,977,Galgame; 工藤啓介; 有葉; Aino+Links; 幼驯染; 2021; 纯爱; くすはらゆい; 明羽杏子; PC,9044
"ノラと皇女と野良猫ハート2 -Nora, Princess, and Crying Cat.-",野良与皇女与流浪猫之心2,"ノラとと2、Noratoto 2、Nora, Princess, and Crying Cat. 2",974,Galgame; HARUKAZE; ノラと皇女と野良猫ハート; 欢乐; 桐谷華; 野良猫; 大空樹; はと; 2017; PC,1528
PARQUET,,,971,柚子社; 全年龄; Galgame; yuzisoftSOUR; 短篇; 天宮りつ; ゆずソフト; 汉化; PC; STEAM,9900
かけぬけ★青春スパーキング,绽放★青春全力向前冲！,Kakenuke Seishun Sparking!,968,SAGAPLANETS; Galgame; 福圆美里; 废萌; 2020; 澤田なつ; GAL; 妹; 烂尾顺; PC,9057
アインシュタインより愛を込めて,爱因斯坦携爱敬上,アイこめ、Aikome、Einstein with Love、来自爱因斯坦之爱、爱因斯坦爱意满满的来信,968,新島夕; Galgame; きみしま青; 水月陵; 新岛夕; GLOVETY; 2020; 佐本二厘; GAL; 汉化,9724
絆きらめく恋いろは -椿恋歌-,,trenka,960,Galgame; 朱雀院椿; CRYSTALiA; FD; 卯衣; 纯爱; 絆きらめく恋いろは-椿恋歌-; 废萌; 汉化; PC,5537
あえて無視するキミとの未来 ～Relay broadcast～,硬要无视与你的未来,Aete Mushisuru Kimi to no Mirai ~Relay broadcast~,958,Galgame; 桐谷华; alcot; 欢乐; ALcotハニカム; 妹; 幼驯染; 汉化; あえて無視するキミとの未来; 妹控,3461
ハピメア,幸福噩梦,Hapimea、Happy Nightmare、Happy Mayor,954,Galgame; Purplesoftware; Purple; 紫社; 克; 森崎亮人; 妹控; 妹; 汉化; 遠野そよぎ,3996
大図書館の羊飼い -Dreaming Sheep-,大图书馆的牧羊人 -Dreaming Sheep-,a good librarian like a good shepherd Fan Disc -After and Another Story-,952,AUGUST; Galgame; 八月社; FD; 大圖書館的牧羊人; 桐谷华; GAL; 外传&FD; 汉化; 2014,2996
Never7 -the end of infinity-,第七夜：无限轮回的终结,ネバーセブン~ジ エンド オブ インフィニティ~、N7,950,KID; infinity; 打越刚太郎; Galgame; Never7; 悬疑; AVG; 中泽工; PC; 轮回开山作,3015
夜明け前より瑠璃色な,夜明前的琉璃色,Brighter than Dawning Blue、yoakena、keyorina、akeruri、yoriruri、yoaruri、ruriiro、amaeruna、夜明けな、けよりな、あけるり、明け瑠璃、よりるり、よあるり、瑠璃色、あまえるな、Yoake Mae yori Ruriiro na,949,AUGUST; Galgame; 夜明け前より瑠璃色な; 榨汁姬; PC; 平民少年与月球公主; 白开水; GAL; 拔作; 2005,4934
天使のいない12月,没有天使的12月,没有天使的12月、December When There Is No Angel、A December Without Angels、Tenshi no Inai Juunigatsu,947,leaf; Galgame; 阴暗系; 天使のいない12月; 中二病; みつみ美里; PC; GAL; Aquaplus; 2003,3313
アマカノ3,甜蜜女友3,,941,Galgame; 海豹社; ピロ水; 甜蜜女友3; あざらしそふと; R18; 废萌; PC; 纯爱; 2025,3877
Re：LieF ～親愛なるあなたへ～,Re:LieF 〜献给亲爱的你〜,レリーフ、Re: LieF ~DeaR YoU~、레리프、Re:LieF ～献给亲爱的你～,939,Galgame; RASK; 画风美; Re：LieF; 成长物语; 2016; 清新; PC; 雫将維; GAL,4537
銀色、遥か,银色遥远,Ginharu,935,Galgame; 纯爱; tonework’s; 恋泉天音; 值得一玩的純愛; PC; 2016; 汉化; 水月陵; tonework,2525
みにくいモジカの子,丑小鸭与文字祸,Mojika、モジカ、The Ugly Duckling,934,Nitro+; Galgame; 猎奇; 狂气; 下倉バイオ; はましま薫夫; 拔作; PC; 2018; ADV,8670
ニュートンと林檎の樹,牛顿与苹果树,Newrin、Newton and the Apple Tree,912,Galgame; Laplacian; 牛顿; ニュートンと林檎の樹; 牛顿爬出棺材; 秋野花; 性转; 黄油; 2017; GAL,7434
保健室のセンセーとシャボン玉中毒の助手,保健室的老师与沉迷吹泡泡的助手,ホケジョ、Hokejo,911,Galgame; 萝莉; Citrus; 白毛; 纯爱; 橘子社; なかひろ; 2020; 汉化; PC,3074
フラテルニテ,友爱俱乐部,fraternite、有爱俱乐部,910,CLOCKUP; Galgame; 和泉万夜; 重口; 猎奇; 致郁; 拔作; R18; PC; 屎,10056
魔導巧殻 ～闇の月女神は導国で詠う～,魔导巧壳,まどうこうかく やみのつきめがみはどうこくでうたう,907,Eushully; SLG; Galgame; 战略; 魔导巧壳; 逗比战斗系统; PC; 汉化; R18; 死精灵王不能忍,1699
ネコぱら vol.3 ネコたちのアロマティゼ,,NEKOPARA Vol.3 Aromatiser des filles-chats、Cats Paradise 3,898,Galgame; 艹猫; 拔作; NEKOWORKs; STEAM; PC; 动态CG; GAL; sayori; 猫娘,8980
ネコぱら vol.0 水無月ネコたちの日常！,,,886,Galgame; 艹猫; 猫娘; STEAM; NEKOWORKs; PC; 全年龄; GAL; sayori; 2015,9806
ハロー・レディ!,淑女同萌！,"ハロレ、Hello, Lady、Deny your destiny , should fly to fly",875,Galgame; 暁WORKS; 复仇剧; 反派男主; PC; 桐谷华; 哈姆雷特; 戏剧; 日野亘; 汉化,4304
ソーサレス＊アライヴ！～the World's End Fallen Star～,SorceressAlive!～世界末日陨落之星～,Sorceress*Alive！～the World's End Fallen Star～,868,Galgame; Fluorite; 低开高走; 燃; lass精神续作; 幼驯染; 北見六花; PC; DiGination; 2019,2416
ひぐらしのなく頃に解,寒蝉鸣泣之时解,Higurashi Kai、When They Cry 2、Higu2、寒蝉解,853,竜騎士07; Galgame; 寒蝉鸣泣之时; 同人; 友情; 解谜; PC; 猎奇; 神作; AVG,133
タマユラミライ,玉响未来,深野协调魔法使,838,Galgame; Azurite; 废萌; 茉宮祈芹; 石原舞; あめとゆき; 纯爱; 籐太; 2019; PC,3990
流星ワールドアクター,流星世界演绎者,流星WA、Ryuusei WA,827,Galgame; 衣笠彰梧; 春夏冬ゆう; 没写完; 2019; 悬疑; PC; 等第二部; GAL; 汉化,4208
FORTUNE ARTERIAL,,fa、フォアテリ、フォーチュンアテリアル,825,AUGUST; Galgame; 吸血鬼; 八月社; FORTUNE_ARTERIAL; 八月脸; PC; GAL; 汉化; 2008,3488
たねつみの歌,播种之谣,Seedsow Lullaby,824,Galgame; 全年龄; ANIPLEX.EXE; 亲情; 视觉小说; PC; 家族; 2024; 穿越; kazuki,1043
School Days,日在校园,スクールデイズ、SD,824,Galgame; 人渣诚; overflow; 日在校园; 18X; 西园寺世界; Niceboat; 人渣; 言叶; 番茄酱,3603
星空へ架かる橋,架向星空之桥,Hoshikaka、A Bridge to the Starry Skies,822,feng; Galgame; 涼香; 乡土气息; 废萌; PC; 巫女; 清水愛; 門脇舞以; 汉化,7279
この大空に、翼をひろげて,在这苍穹展翅,Extend the little wings which fly in this sky highly、Konosora、IMHHW、Konoaobasa、Korogete、코노소라、If My Heart Had Wings、在这广阔的天空下展翅吧,800,Galgame; pulltop; 青春; 大空翼; 紺野アスタ; PC; この大空に、翼を広げて; GAL; 2012; STEAM,2023
スタディ§ステディ,,见习§恋人,798,Galgame; ま～まれぇど; 动态立绘; 拔作; 黑长直; 2019; 纯爱; PC; あじ秋刀魚; 废萌,5050
世界でいちばんNG（だめ）な恋,世界上最NG的恋爱,NG恋、世界で一番NGな恋、世界でいちばんだめな恋、Sekai de Ichiban NG na Koi、The World's Most Forbidden Love、DameKoi、SekaiDame、世界でいちばんNGな恋,774,丸戸史明; Galgame; 肥皂剧; 丸户史明; HERMIT; 欢乐; 女儿; PC; GAL; 汉化,1310
Evenicle -イブニクル- 2,夏娃年代记2,Evenicle2,773,alicesoft; Galgame; RPG; 后宫; PC; 八重樫南; 2019; 拔作; 汉化; 18+,4447
サクラノモリ†ドリーマーズ,樱之杜†净梦者,樱之杜†净梦者、Sakura no Mori † Dreamers,771,Galgame; moonstone; 悬疑; 呉; 猎奇; 鬼片; 電気式華憐音楽集団; 2016; PC; 汉化,5388
河原崎家の一族2,河原崎家的一族2,,770,ELF; Galgame; 蛭田昌人; 土天冥海; NTR; 悬疑; 馆系; R18; PC; 灰暗系,900
紅月ゆれる恋あかり,红月摇曳的恋之星火,ゆれあか、Yureaka、浅蓝汉化小番队,770,Galgame; CRYSTALiA; 白毛; 热血; 百合游戏（笑; 百合; 2020; 青春; PC; 废萌,4237
オトメ世界の歩き方,少女世界的生存之道,,766,Galgame; 伪娘; mignon; 女装; 2024; オルトロス; PC; R18; ADV; 拔作,9508
徒花異譚,徒花异谭,Adabana Odd Tales,752,Liar-soft; Galgame; 海原望; 全年龄; 大石竜子; ANIPLEX.EXE; 童话; PC; STEAM; 2020,2772
LOVELY×CATION2,,"ＬＯＶＥＬＹ×Ｃ∧ＴＩＯＮ２, Love which continues eternally、L×C2",745,Galgame; 纯爱; 暁WORKS-響-; 拔作; PC; GAL; hibiki_works; 汉化; 值得一玩的純愛; 唯々月たすく,4602
駄作,駄作,Dasaku,744,猎奇; Galgame; CYCLET; 重口; 伪娘; 扶她; 血腥; 拔作; 致郁; 汉化,9411
スキとスキとでサンカク恋愛,青春×好奇相伴的三角恋爱,Sankaku Renai: Love Triangle Trouble,731,Galgame; ASaProject; 颜艺; Asa; 实妹; 逗逼向; 妹; 玩梗; 汉化; 清水爱,6346
anemoi -アネモイ-,,アネモイ、anemoi,729,Galgame; key; 新岛夕; 全年龄; 魁; PC; きみしま青; ADV; 游戏; 腾讯游戏,4431
海沙风云,海沙风云,海沙风云 Far Away、Far Away、彼方へ,722,国产; AVG; 粤语; Galgame; 全年龄; 红茶Games; PC; STEAM; 女性视角; 2021,2017
大帝国,大帝国,,721,alicesoft; Galgame; SLG; 地域制压; 大帝国; PC; 鬼畜; アリスソフト; GAL; 汉化,4824
神待ちサナちゃん,神待少女纱波,Kamisana,720,拔作; Galgame; 动态CG; 纯爱; Frill; 调教; PC; 汉化; 2018; 伊倉ナギサ,6178
narcissu 3rd -Die Dritte Welt-,水仙3,水仙3,719,Galgame; 片岡とも; 水仙; 生死观; 全年龄; narcissu; PC; 沉重; 复数剧本; stagenana,2470
赫炎のインガノック -What a beautiful people-,赫炎的印加诺克 ～何等美好的人们～,Inganock of the Rage Fire,718,Liar-soft; 桜井光; 蒸汽朋克; Galgame; 喝采せよ; 雰囲気; Lair-soft; PC; 大石龙子; AVG,1591
MUSICUS!,,ムジクス、Musica!,704,瀬戸口廉也; Galgame; OVERDRIVE; 2019; 等汉化; PC; GAL; ADV; 瀬戸口复出; 生肉,107
FLOWERS - Le volume sur hiver -,FLOWERS 冬篇,FLOWERS Fuyu-hen、Flowers4、FLOWERS -The volume of winter-,689,百合; InnocentGrey; Galgame; 杉菜水姫; 全年龄; FLOWERS; GAL; PC; 志水はつみ; 2017,5919
雫,雫,雫 -しずく-、Drip,683,leaf; 电波; Galgame; 狂气; 電波ゲー; 高橋龍也; 1996; 高桥龙也; 兄妹; PC,7591
推しのラブより恋のラブ,一生推不如一生恋,Oshi no Love yori Ren no Love、OshiLove、推しラブ、오시러브、SukeraSomero,683,百合; Galgame; 纯爱; SukeraSparo; PC; 小品; 2020; 猫村ゆき; 汉化; R18,9479
はるまで、くるる。,春开，意遥遥。,HaruKuru、Spring has come true?、はるくる、直到春天到来。、轮转至此，待春临。、春日远遥遥、春滚滚,681,Galgame; 渡辺僚一; 轮回; すみっこソフト; 伪拔作; 伪SF; 后宫; 科幻; PC; 汉化,1808
戦女神ZERO,战女神ZERO,Battle Goddess Episode 0、BG0、IMZ,680,Eushully; Galgame; 戦女神ZERO; RPG; 战女神; 老赛; 世界観がいい; 燃え; PC; 感動,257
夏ノ雨,夏之雨,Summer Rain、姐之雨,677,Galgame; CUBE; 实姐; 纯爱; 姐控; 黑长直; 姐; 夏ノ雨; PC; 汉化,4154
灯穂奇譚,灯穗奇谭,とうすいきたん、灯穗奇谭,666,Galgame; SCA-自; 民俗; 悬疑; 基4; 民俗考据; 猎奇; 神一般的表现力; PC; 同人,4401
LUNARiA -Virtualized Moonchild-,,,652,key; Galgame; 全年龄; 松山剛; 短篇; PC; 2021; 纯爱; 小品; 催泪,5607
PRIMAL×HEARTS,,プライマルハーツ、プラハ,650,Galgame; ま～まれぇど; 萝莉; 遥そら; GAL; PC; 实用; 废萌; 汉化; 2014,4200
BALDR HEART,,バルドハート、BH,648,戯画; Galgame; BALDR; ACT; 卑影ムラサキ; GIGA; 游戏性强; 汉化; 萝卜; PC,849
アインシュタインより愛を込めて APOLLOCRISIS,爱因斯坦携爱敬上 APOLLOCRISIS,,647,新島夕; Galgame; きみしま青; 水月陵; GLOVETY; FD; 新岛夕; 2021; GAL; 温暖人心,3437
アストラエアの白き永遠 Finale-白き星の夢-,星辰恋曲的白色永恒 白色星之梦,"Happiness is not a station you arrive at but a manner of traveling, AstralAir Fandisk",646,FAVORITE; Galgame; FD; 幸姐; 星辰恋曲的白色永恒; 纯爱; 治愈; 司田カズヒロ; PC; 姉ゲー,3484
BALDR FORCE,,バルドフォース、バルドフォースエグゼ、BF、装甲之力,640,戯画; Galgame; GIGA; ACT; 赛博朋克; BaldrForce; 菊池政治; BALDR; 萝卜; 卑影ムラサキ,515
花の野に咲くうたかたの,五色浮影绽放于花之海洋,花野盛开的瞬间、The Sweet World of The Ephemeral、Hananono、はなのの,640,Galgame; 桐月; あっぷりけ; GAL; 神音乐; 汉化; 樱花; 人设一级棒; PC; BGM好,5099
プトリカ 1st.cut,宝石少女 1st.cut:The Reason She Must Perish,,635,Galgame; 桐葉; 全年龄; ルクル; 分割商法; rkr; 百合; PC; 同人; トトメトリ,5608
雪影 -setsuei-,雪影,yukikage,633,Galgame; 田中ロミオ; 姐控; 民俗学; 姐; SilverBullet; 日野亘; 治愈系; 汉化; 冬季,1817
サツコイ～悠久なる恋の歌～,杀恋～悠久流传的恋之歌,杀恋～悠久的恋爱之歌～、Satsukoi ~Yuukyuu Naru Koi no Uta~,626,Galgame; ALcotハニカム; 实妹; 催泪; 妹; alcot; 瀬尾順; 妹ゲー; 妹控; PC,6815
小白兔电商,,Bunny E-shop,625,国产; Galgame; 橘子班; 全年龄; PC; 炒饭; STEAM; 键政; 经营; 2021,6269
ラズベリーキューブ,树莓立方体,ラズキュー、Rasberry Cube,607,Galgame; まどそふと; 萌拔; 废萌; 北見六花; はすね; 银发蓝瞳; PC; 2018; 北见六花,9634
Flyable Heart,,The future has already begun.、フライアブルハート、飞翔的心,596,Galgame; 伊东杂音; UNISONSHIFT; 校园; 水月陵; PC; いとうのいぢ; flybleheart; GAL; 汉化,3987
ナツユメナギサ,夏梦渚,Natsunagi、ナツナギ、Natsuyume Nagisa,593,新島夕; SAGAPLANETS; Galgame; 暖人心田; 治愈; 新岛夕; 四季系列; GAL; 夏梦; 佐本二厘,1826
未来ラジオと人工鳩,未来广播与人工鸽,未来电波和人工鸽子,586,Laplacian; Galgame; 科幻; 悬疑; 緒乃ワサビ; 2018; 浅川悠; GAL; PC; 妹,6511
クロウカシス 七憑キノ贄,白雪～七凭之祭～,,584,InnocentGrey; 杉菜水姬; Galgame; 猎奇; 推理; 七凭之祭; 悬疑; 鈴鹿美弥; PC; GAL,9346
ルートダブル -Before Crime * After Days-,Root Double -Before Crime * After Days-,ビフォークライム アフターデイズ、Root Double -Before Crime * After Days-、Root Double,565,Galgame; 中泽工; 悬疑; 全年龄; AVG; 中澤工; SF; Regista; PC; 2012,920
大図書館の羊飼い～放課後しっぽデイズ～,大图书馆的牧羊人～放学后的尾巴时光～,Tail Days after-school、Daitoshokan no Hitsujikai ~Houkago Shippo Days~,565,AUGUST; Galgame; 全年龄; 大圖書館的牧羊人; 八月社; FD; 八月脸; 汉化; PC; GAL,8134
セヴンデイズ あなたとすごす七日間,7days—与你共度的七日间,7days with you: the most precious memory in our lives.、Seven Days,557,Galgame; 全年齢向け; LIFE0; 全年龄; 感动; 纯爱; 人鬼情未了; PC; 雰囲気がいい; 2017,2339
クナド国記,久那土国记,,553,Purplesoftware; Galgame; 御影; 紫社; 克; 秋野花; 2021; 小波すず; 2021-12; GAL,6614
刃鳴散らす,刃鸣散,,550,Nitro+; 奈良原一鉄; Galgame; PC; BL; N+; AVG; 2005; 搞基; 大崎シンヤ,3940
タユタマ2 -you're the only one-,游魂2 -you're the only one-,Smart Elves 2,543,方糖社; Galgame; 萌木原; 官中; STEAM; 纯爱; 萌木原ふみたけ; PC; 汉化; LumpofSugar,6678
天使の羽根を踏まないでっ,不要践踏天使的羽毛,Tenshihane、踩翅膀、踩羽毛,542,Galgame; 伪娘; 朱门优; 女装; 天使の羽根を踏まないでっ; WHITE-LIPS; GAL; PC; 神话; 汉化,3734
書淫、或いは失われた夢の物語。,书淫，或是已失去的梦之物语。,書淫、あるいは失われた夢の物語,533,深沢豊; Galgame; 悬疑; meta; 解离性同一性障害; 埋作; 雰囲気; PC; 汉化; 2000,2823
ひまわり -Pebble in the Sky-,向日葵：天空鹅卵石,Himawari - The Sunflower -、ひまわり -Pebble in the Sky-,530,Galgame; ごぉ; FrontWing; 空中幼彩; 全年龄; PC; 田村大魔王; 剧情; GAL; AVG,826
創刻のアテリアル,创刻的动脉,创刻,525,Eushully; Galgame; 卡牌; 卡片; TCG; 创刻; 打牌王; 創刻のアテリアル; PC; GAL,4079
pieces/渡り鳥のソムニウム,pieces/候鸟的梦,ピーシーズ、pieces / Wataridori no Somnium,511,Galgame; whirlpool; 水鏡まみず; 2019; 纯爱; 和泉万夜; 甜作; 夏和小; 藤田茜; 近江谷宥,4326
タユタマ-Kiss on my Deity-,游魂-Kiss on my Deity-,游魂1、Tayutama: Kiss on my Deity,511,Galgame; 方糖社; Lump_of_Sugar; 萌木原; 真白; 废萌; PC; 萌え; GAL; 汉化,5123
塵骸魔京,尘骸魔京,Chaos Gate Jingai Makyo、じんがいまきょう,509,Nitro+; Galgame; Nitroplus; 尘骸魔京; 半成品; 神中文op; 塵骸魔京; PC; GAL; N+,1917
廃村少女［弐］ ～陰り誘う秘姫の匣～,废村少女［贰］ ～幽秘蛊惑的姬之匣～,废村少女、废村少女2,507,Galgame; 拔作; Escu:de; 民俗; R18; 悬疑; PC; ADV; 2025; 游戏,3731
サクラノモリ†ドリーマーズ 2,樱之杜†净梦者2,樱之杜†净梦者2、Sakura no Mori † Dreamers 2,507,Galgame; moonstone; 猎奇; 悬疑; 呉; 幼馴染; ADV; PC; 幼なじみ; 妹,3846
るいは智を呼ぶ,智以泪聚,るい智、ruitomo,499,Galgame; 伪娘; 暁WORKS; 女装; 日野亘; 悬疑; 佐本二厘; PC; 这才是最强伪娘！; 2008,1440
ピアノの森の満開の下,盛开的钢琴之森下,,499,Galgame; 妹控; 盛开的钢琴之森下; 妹; ぱじゃまソフト; 雰囲気がいい; 汉化; PC; GAL; 感動,4986
あの晴れわたる空より高く,冲破万里晴空之上,Byakko、Haretaka、Anohare、はれたか、造火箭、하레타카、나로호、晴空万里意凌云,496,Galgame; Chuablesoft; 范乃秋晴; 造火箭; 青春; 2014; 範乃秋晴; PC; ADV; 汉化,599
景の海のアペイリア ～カサブランカの騎士～,流景之海的艾佩理雅 ～卡萨布兰卡的骑士～,Hikari no Umi no Apeiria FD、流景之海的艾佩莉娅~卡萨布兰卡的骑士~,484,Galgame; FD; 景の海のアペイリア; シルキーズプラス; 范乃秋晴; 后宫; 2017; PC; 範乃秋晴; ADV,7627
祝姫,祝姬,いわいひめ,482,Galgame; 竜騎士07; 全年龄; 悬疑; 和遥キナ; PC; DMM; GAL; AVG; 温情,7879
ジサツのための101の方法,自杀的101种方法,101 Ways to Commit Suicide、The 101 Methods of Suicide,477,三大電波ゲー; 电波; Galgame; 狂气; 金月龍之介; 欺凌; GAL; 2001; PC; 公爵,9255
同級生リメイク,同级生 重制版,Classmates、Nanpa 1,476,Galgame; ELF; 重制; R18; PC; 2021; すめらぎ琥珀; FANZAGAMES; 纯爱; 时泪,4047
夜明け前より瑠璃色な-Moonlight Cradle-,夜明前的琉璃色-Moonlight Cradle-,Yoake Mae yori Ruri Iro na -Moonlight Cradle-,472,AUGUST; Galgame; 夜明け前より瑠璃色な; 夜明MC; FD; 白开水; 八月社; PC; fandisk; AUGUST标准脸型,3705
想い出にかわる君 〜Memories Off〜,沦为回忆的你 ~秋之回忆~,memoff3、Memo-Off 3、メモオフ3、You that became a Memory ~Memories Off~、Omokimi、想君、秋之回忆 想君、秋之回忆3、告别回忆3、MO3,452,KID; 秋之回忆; Galgame; 想君; MO; GAL; PSP; PC; 2002; AVG,5950
最果てのイマ,最后的现在,Farthest,451,田中ロミオ; Galgame; 哲学; 求汉化; 科幻; 杂学; xuse; 近未来预测; PC; GAL,120
BLACK SHEEP TOWN,黑羊镇,,428,瀬戸口廉也; Galgame; 群像; 全年龄; PC; AVG; 2022; BA-KU; 文字冒险; 瀬戸口复出,219
屋上の百合霊さん,屋上的百合灵,Yuri Ghosts on the Rooftop、屋上的百合幽灵同学,426,百合; Galgame; Liar-soft; PC; Liarsoft; 屋上的百合灵; 睦月たたら; GAL; 汉化; ADV,1796
ONE ～輝く季節へ～,ONE～辉之季节～,,421,Galgame; key; 久弥直树; Tactics; 麻枝准; ～輝く季節へ～; ONE～輝く季節へ～; PC; GAL; 泣系之始,3340
沖縄スレイブアイランド,冲绳奴隶岛,冲绳萝莉岛、重生萝莉岛,408,BL; 重口; Galgame; 恶心; 变态; 基; PC; 哲♂学; 十二神器; AVG,10551
12RIVEN -the Ψcliminal of integral-,12R跳跃的时空,12Riven: The Psi-Climinal of Integral,405,KID; 打越钢太郎; infinity; Galgame; 悬疑; PC; 12RIVEN; AVG; integral; 唯心主义,3825
11eyes -Resona Forma-,,11eyes RF,400,Lass; Galgame; 11eyes; FD; 中二; GAL; 各种黑历史; 11eyes－Resona; PC; 汉化,3517
哀鸿：城破十日记,哀鸿：城破十日记,The Weeping Swan: Ten Days of the City's Fall、泣き叫ぶ雁、Плач неприкаянных лебедей: Десять дней после падения города、哀鴻：城破十日記,396,国产; Galgame; 全年龄; 粪作; AVG; 破鞋; 历史; 辱华; PC; Windows,10526
あまいろショコラータ3,巧克甜恋3,Amairo Chocolata 3,391,Galgame; 废萌; 白玉; きゃべつそふと; 萝莉; 梱枝りこ; しらたま; 纯爱; PC; 兽耳,3946
ダストマニア・グロテスク ～解体挿入新書～,解体插入新书,十二魔器之一、解体挿入新書,387,猎奇; Galgame; 拔作; 血腥; 丧心病狂; 恶趣味; 重口; 十二魔器; PC; 同人,10555
我和她的世界末日,,Our End of the World,386,国产; Galgame; 橘子班; 全年龄; STEAM; PC; 国产Galgame; 2016; 末日; AVG,10268
planetarian -雪圏球-,星之梦 -雪圈球-,スノーグローブ、雪圈球、planetarian: Snow Globe,378,key; Galgame; 全年龄; 短篇; 涼元悠一; PC; 2021; 水月陵; 催泪; FD,7959
コープスパーティー Book of Shadows,尸体派对 影之书,CP BS,377,PSP; 尸体派对; 5pb; AVG; 恐怖向; 恐怖; ADV; 番茄酱; Galgame; 5pb.,3162
アマカノ,甜蜜女友,,368,Galgame; あざらしそふと; 纯爱; 甜作; ピロ水; PC; 2014; 海豹社; 拔作; 风音,2659
スタディ§ステディ2,,,366,Galgame; ま～まれぇど; 拔作; 2022; 废萌; 动态立绘; 歩サラ; 纯爱; PC; 小波すず,4652
WHITE ALBUM,白色相簿,ホワイトアルバム,357,leaf; Galgame; PC; Aquaplus; 白色相簿; 东弥; NTR; 郁系; 原田宇陀児; GAL,1948
KANADE,,,355,Galgame; FrontWing; 全年龄; 浅生咏; 松本文纪; 前翼社; 短篇; 浅生詠; ゆさの; 游戏,10173
顔のない月,无颜之月,Moonlight Lady、No Surface Moon,350,Galgame; 和风; ROOT; CARNELIAN; 民俗; 无颜之月; PC; 传奇系; 雰囲気がいい; 2000,3246
君が望む永遠,你所期望的永远,KGNE、Kiminozo、君望、君のぞ、The Eternity You Wish For、Rumbling Hearts、愿此刻永恒,347,Galgame; 君が望む永遠; âge; 郁系; AGE; GAL; 鬼畜人タムー; PC; 人渣土豪; 你所期望的永远,744
この世の果てで恋を唄う少女YU-NO,在世界尽头咏唱恋曲的少女YU-NO 重制版,A girl who chants love at the bound of this world、Yu-No、Koihate、yuno、YU-NO,345,Galgame; ELF; 菅野ひろゆき; yu-no; 轮回; 神作; 悬疑; 科幻; AVG; PC,555
サクラ大戦,樱花大战,Sakura Wars、SW、SW1、ST、ST1,345,SEGA; SLG; PC; 樱花大战; サクラ大戦; AVG; Galgame; 童年回忆; 恋爱; 童年回忆（大雾,556
ToHeart2 AnotherDays,,TH2AD、トゥハート2 アナザーデイズ,345,ToHeart2; leaf; Galgame; Aquaplus; GAL; FD; PC; anotherday; 3p雷; 汉化,5026
顔のない月-待宵の双椿-,,无颜之月重制版、无颜之月,292,Galgame; 民俗; ROOT; 重置; 拔作; CARNELIAN; 悬疑; PC; 2025; ADV,3335
ToHeart2,ToHeart2,トゥハート２、TH2,275,Galgame; leaf; Aquaplus; GAL; 初心向; 纯爱; 神作！; AVG; 初心者向け; 校园,1389
sense off ～a sacred story in the wind～,,,258,元長柾木; Galgame; 电波; otherwise; 死生観; 狂气; meta; 2000; 汉化; PC,2824
腐り姫 帰省～jamais vu～,腐姬 归省～jamais vu～,,257,星空めてお; Liar-soft; Galgame; 中村哲也; FD; PC; 2004; GAL; 视频通关; 腐姬,2894
バカップル・サプリメント,,,251,Galgame; ま～まれぇど; 早瀬ゆう; 废萌; 2025; PC; R18; 妹; ADV; 游戏,10023
黄雷のガクトゥーン～What a shining braves～,黄雷的伽克苏恩～何等闪耀的勇气～,Ourai no N'gah-Kthun、黄雷的伽克苏恩,250,Liar-soft; 桜井光; Galgame; 蒸汽朋克系列; 蒸汽朋克; PC; GAL; 乙女向; 燃; 雷闪闪,2427
ハッピーライヴ ショウアップ！,,ハラショウ！、Happy Live Show Up!、harashou、Harashow!,250,FAVORITE; Galgame; 废萌; 夏和小; 忍; 纯爱; ベコ太郎; 魔法; 2021; 高山大河,7920
同級生2,同级生2,Classmates 2、Nanpa 2、Dōkyūsei 2、Dokyusei 2,249,ELF; Galgame; PC; 蛭田昌人; 元祖; GAL; 爱情; 妹ゲー; 1995; 养成,673
トリノライン：ジェネシス,,TRIノLINE GENESIS、Torino Line Genesis,244,minori; Galgame; FD; 柚子奈ひよ; 楠原ゆい; 石原舞; トリノライン; 2018; PC; 天门,5162
空に刻んだパラレログラム,印刻天际的Parallelogram,ぱられろ、Parallelo、Sora ni Kizanda Parallelogram,239,Galgame; 桐葉; ルクル; ウグイスカグラ; GAL; 2018; PC; 妹; 藍月なくる; 桐叶只剩美声了吗,9100
D.C.III ～ダ・カーポIII～,初音岛3,DC3,237,Galgame; CIRCUS; 马戏团; 初音岛; DC3; D.C.; 骗钱; PC; GAL; 2012,2641
夏雪～summer_snow～,,,224,Galgame; 姐控; 姐; 夏雪～summer_snow～; 黑长直; 纯爱; PC; 金发双马尾; 银色子弹; 禁断,5241
メモリーズオフ 双想 ～Not always true～,告别回忆 双想 ～Not always true～,告别回忆 双想 ～Not always true～、告別回憶 雙想 ～Not always true～,218,秋之回忆; Galgame; 林直孝; 2025; PC; 游戏; GAL; 阿保剛; 全年龄; ADV,10534
D.C.4 ～ダ・カーポ4～,初音岛4,DC4、D.C.4 ~Da Capo 4~,216,Galgame; CIRCUS; 全年龄; 马戏团; 妹; PC; GAL; 东山大法; 情怀; たにはらなつき,5130
D.C.5 ～ダ・カーポ5～,,DC5、初音岛5,210,Galgame; 初音岛; CIRCUS; 全年龄; PC; GAL; 马戏团; 2023; 治愈; 游戏,2461
